[
  {
    "id": "reactant",
    "description": "Substance consumed in reaction"
  },
  {
    "id": "product",
    "description": "Substance formed in reaction"
  },
  {
    "id": "catalyst",
    "description": "Substance that accelerates reaction but is not consumed"
  },
  {
    "id": "inhibitor",
    "description": "Substance that slows reaction"
  },
  {
    "id": "solvent",
    "description": "Solvent of reaction medium"
  },
  {
    "id": "medium",
    "description": "Reaction medium/environment"
  },
  {
    "id": "oxidizing_agent",
    "description": "Substance that is reduced"
  },
  {
    "id": "reducing_agent",
    "description": "Substance that is oxidized"
  },
  {
    "id": "precipitate",
    "description": "Solid formed during reaction"
  },
  {
    "id": "gas_evolved",
    "description": "Gas released during reaction"
  },
  {
    "id": "electrolyte",
    "description": "Electrolyte in electrochemical process"
  }
]