[
  {
    "task_number": 1,
    "title_ru": "Электронная конфигурация атома",
    "topic_ru": "Строение атома. Электронные конфигурации элементов",
    "answer_format": "select (2 из 5)",
    "algorithm_ru": [
      "Запишите электронную конфигурацию каждого элемента из перечня.",
      "Определите число электронов на внешнем уровне, число неспаренных электронов или другой запрошенный параметр.",
      "Сравните с условием задания и выберите два подходящих элемента.",
      "Запишите ответ в виде двух цифр в порядке возрастания."
    ],
    "key_facts_ru": [
      "Заполнение орбиталей: 1s → 2s → 2p → 3s → 3p → 4s → 3d → 4p → ...",
      "Максимальное число электронов на подуровне: s — 2, p — 6, d — 10, f — 14.",
      "Исключения: Cr [Ar]3d⁵4s¹, Cu [Ar]3d¹⁰4s¹ (провал электрона).",
      "Неспаренные электроны определяются по правилу Хунда: сначала по одному на каждую орбиталь."
    ],
    "common_traps_ru": [
      "Не путайте номер группы и число валентных электронов для d-элементов.",
      "Помните про «провал» электрона у Cr, Cu, Mo, Ag.",
      "Конфигурация иона отличается от атома: сначала удаляются электроны с внешнего s-подуровня."
    ],
    "variability_ru": "Меняются элементы и запрашиваемое свойство (число неспаренных e⁻, конфигурация внешнего уровня, число s/p/d-электронов)."
  },
  {
    "task_number": 2,
    "title_ru": "Закономерности ПСХЭ",
    "topic_ru": "Периодический закон. Закономерности изменения свойств",
    "answer_format": "sequence (3 из 5)",
    "algorithm_ru": [
      "Определите положение каждого элемента в таблице (период, группа).",
      "Найдите три элемента из одного периода или одной группы (по условию).",
      "Расположите их в порядке возрастания запрошенного свойства.",
      "Запишите номера в полученном порядке."
    ],
    "key_facts_ru": [
      "В периоде слева направо: ↑ электроотрицательность, ↑ энергия ионизации, ↓ радиус атома, ↑ неметаллические свойства.",
      "В группе сверху вниз: ↑ радиус атома, ↓ электроотрицательность, ↑ металлические свойства.",
      "Электроотрицательность: F > O > N > Cl > Br > S > C > H.",
      "Радиус атома увеличивается при движении вниз по группе и влево по периоду."
    ],
    "common_traps_ru": [
      "Не путайте «возрастание» и «убывание» в условии.",
      "Металлические и неметаллические свойства изменяются противоположно.",
      "d-элементы могут нарушать простые закономерности."
    ],
    "variability_ru": "Меняются элементы и запрашиваемое свойство (электроотрицательность, радиус, металличность, кислотность оксидов)."
  },
  {
    "task_number": 5,
    "title_ru": "Классификация неорганических веществ",
    "topic_ru": "Классы неорганических соединений: оксиды, кислоты, основания, соли",
    "answer_format": "matching (3 → из 9)",
    "algorithm_ru": [
      "Прочитайте, какие классы веществ нужно найти (кислота, оксид, основание, соль и т.д.).",
      "Определите класс каждого вещества в таблице 3×3.",
      "Для каждой позиции А, Б, В выберите одно вещество соответствующего класса.",
      "Запишите номера ячеек."
    ],
    "key_facts_ru": [
      "Оксиды: основные (Me₂O₃ — для I–III гр.), кислотные (неметаллов или Me⁶⁺,⁷⁺), амфотерные (Al₂O₃, ZnO, Cr₂O₃).",
      "Кислоты: HₓAcid (H₂SO₄, HNO₃, H₃PO₄...). Соли: Ме + кислотный остаток.",
      "Основания: Ме(OH)ₙ. Щёлочи (NaOH, KOH, Ca(OH)₂) vs нерастворимые (Cu(OH)₂, Fe(OH)₃).",
      "Амфотерные гидроксиды: Al(OH)₃, Zn(OH)₂, Cr(OH)₃, Be(OH)₂."
    ],
    "common_traps_ru": [
      "H₂O — не кислота и не основание (оксид).",
      "NH₃ — не основание (основание — NH₃·H₂O или NH₄OH).",
      "CaO — основный оксид, но CO₂ — кислотный."
    ],
    "variability_ru": "Меняется набор веществ в таблице и запрашиваемые классы."
  },
  {
    "task_number": 7,
    "title_ru": "Свойства неорганических веществ (соответствие)",
    "topic_ru": "Химические свойства оксидов, кислот, оснований, солей",
    "answer_format": "matching (4 → из 5)",
    "algorithm_ru": [
      "Для каждого вещества в левом столбце определите его класс и свойства.",
      "Проверьте, с какими реагентами из правого столбца оно может реагировать.",
      "Учитывайте: основные оксиды + кислоты, кислотные оксиды + щёлочи, амфотерные + и то, и другое.",
      "Запишите соответствие А-Б-В-Г → цифры."
    ],
    "key_facts_ru": [
      "Металлы до H в ряду активности вытесняют H₂ из разбавленных кислот.",
      "Щёлочи реагируют с кислотными и амфотерными оксидами/гидроксидами.",
      "Соли слабых кислот + сильная кислота → реакция идёт.",
      "Конц. H₂SO₄ и HNO₃ — особые окислители, реагируют даже с Cu, Ag."
    ],
    "common_traps_ru": [
      "Cu не реагирует с разб. HCl и H₂SO₄.",
      "SiO₂ не реагирует с водой (в отличие от большинства кислотных оксидов).",
      "Al₂O₃ и Al(OH)₃ — амфотерные, реагируют и с кислотами, и со щёлочами."
    ],
    "variability_ru": "Меняются вещества и наборы реагентов. Принцип один: определить класс → вспомнить свойства."
  },
  {
    "task_number": 11,
    "title_ru": "Классификация органических веществ",
    "topic_ru": "Классы органических соединений по функциональной группе",
    "answer_format": "matching (3 → из 4)",
    "algorithm_ru": [
      "Определите функциональную группу каждого вещества.",
      "Соотнесите с классом: –OH (спирт), –CHO (альдегид), –COOH (кислота), –NH₂ (амин), –COO– (сложный эфир).",
      "Для каждого вещества слева выберите правильный класс справа.",
      "Запишите соответствие."
    ],
    "key_facts_ru": [
      "Спирты: R–OH (метанол, этанол, глицерин).",
      "Альдегиды: R–CHO (формальдегид, ацетальдегид).",
      "Карбоновые кислоты: R–COOH (муравьиная, уксусная, стеариновая).",
      "Амины: R–NH₂ (метиламин, анилин).",
      "Сложные эфиры: R–COO–R' (этилацетат, жиры)."
    ],
    "common_traps_ru": [
      "Глицерин — многоатомный спирт (три –OH группы).",
      "Анилин — ароматический амин (C₆H₅NH₂).",
      "Не путайте альдегиды (–CHO) и кетоны (–CO–)."
    ],
    "variability_ru": "Меняются вещества. Иногда дают формулы, иногда названия."
  },
  {
    "task_number": 18,
    "title_ru": "Скорость химической реакции",
    "topic_ru": "Факторы, влияющие на скорость реакции",
    "answer_format": "select (2 из 5)",
    "algorithm_ru": [
      "Определите тип реакции (гомогенная/гетерогенная) и агрегатные состояния веществ.",
      "Для каждого предложенного воздействия определите, увеличивает ли оно скорость.",
      "Факторы увеличения скорости: ↑T, ↑C реагентов, ↑S контакта, ↑P (для газов), катализатор.",
      "Выберите два воздействия, которые увеличивают скорость."
    ],
    "key_facts_ru": [
      "Правило Вант-Гоффа: при повышении T на 10°C скорость увеличивается в 2–4 раза.",
      "Измельчение твёрдого реагента увеличивает площадь контакта → скорость растёт.",
      "Концентрация продуктов НЕ влияет на скорость прямой реакции.",
      "Давление влияет только на реакции с участием газов."
    ],
    "common_traps_ru": [
      "Увеличение концентрации ПРОДУКТА не ускоряет прямую реакцию.",
      "Понижение температуры ЗАМЕДЛЯЕТ реакцию.",
      "Катализатор не смещает равновесие, но ускоряет достижение равновесия."
    ],
    "variability_ru": "Меняется реакция и набор воздействий. Часто включают ловушки с концентрацией продукта."
  },
  {
    "task_number": 21,
    "title_ru": "Гидролиз солей",
    "topic_ru": "Гидролиз: определение среды раствора соли",
    "answer_format": "matching (4 → из 3)",
    "algorithm_ru": [
      "Для каждой соли определите, какими (сильными или слабыми) являются основание и кислота, из которых она образована.",
      "Соль сильного основания + слабой кислоты → щелочная среда (pH > 7).",
      "Соль слабого основания + сильной кислоты → кислая среда (pH < 7).",
      "Соль сильного основания + сильной кислоты → нейтральная среда (pH = 7).",
      "Запишите соответствие."
    ],
    "key_facts_ru": [
      "Сильные кислоты: HCl, HBr, HI, H₂SO₄, HNO₃, HClO₄.",
      "Сильные основания (щёлочи): NaOH, KOH, Ba(OH)₂, Ca(OH)₂.",
      "Слабые кислоты: H₂CO₃, H₂S, H₂SiO₃, CH₃COOH, HF, H₃PO₄, HNO₂, H₂SO₃.",
      "Слабые основания: NH₃·H₂O, Cu(OH)₂, Fe(OH)₂, Fe(OH)₃, Al(OH)₃, Zn(OH)₂."
    ],
    "common_traps_ru": [
      "Na₂SO₄ — нейтральная (NaOH + H₂SO₄ — оба сильные).",
      "Na₂CO₃ — щелочная (NaOH — сильное, H₂CO₃ — слабая).",
      "FeCl₃ — кислая (Fe(OH)₃ — слабое, HCl — сильная).",
      "CH₃COONa — щелочная."
    ],
    "variability_ru": "Меняются соли. Может быть запрос и на цвет индикатора (лакмус, фенолфталеин, метилоранж)."
  },
  {
    "task_number": 27,
    "title_ru": "Расчётная задача (простая)",
    "topic_ru": "Расчёты массовой доли, молярной массы, объёма газа",
    "answer_format": "numeric (целое или с десятыми)",
    "algorithm_ru": [
      "Запишите данные задачи: массы, объёмы, концентрации.",
      "Составьте уравнение реакции и расставьте коэффициенты.",
      "Найдите количество вещества (n = m/M или n = V/22,4 или n = C·V).",
      "По уравнению найдите количество искомого вещества.",
      "Вычислите ответ (масса, объём, массовая доля).",
      "Округлите до требуемой точности."
    ],
    "key_facts_ru": [
      "M(NaCl) = 58,5 г/моль, M(Na₂CO₃) = 106 г/моль, M(BaSO₄) = 233 г/моль.",
      "V(при н.у.) = n · 22,4 л/моль.",
      "ω = m(раств. вещ-ва) / m(раствора) · 100%.",
      "При смешивании растворов: m(общ) = m₁ + m₂, m(вещ-ва, общ) = m(вещ-ва)₁ + m(вещ-ва)₂."
    ],
    "common_traps_ru": [
      "Не забудьте перевести мл в л при использовании молярной концентрации.",
      "Проверяйте единицы измерения в ответе.",
      "При смешивании растворов масса раствора — сумма масс обоих растворов."
    ],
    "variability_ru": "Задачи на массовую долю, молярную концентрацию, объём газа при н.у., выход продукта."
  },
  {
    "task_number": 29,
    "title_ru": "Электронный баланс (ОВР)",
    "topic_ru": "Метод электронного баланса для уравнивания ОВР",
    "answer_format": "free_text (развёрнутый ответ)",
    "algorithm_ru": [
      "Расставьте степени окисления всех элементов в левой и правой частях.",
      "Определите, какие элементы изменили степень окисления.",
      "Составьте полуреакции: окисление (потеря e⁻) и восстановление (приобретение e⁻).",
      "Найдите НОК для числа электронов, определите коэффициенты.",
      "Расставьте коэффициенты в уравнении, проверьте баланс атомов и зарядов.",
      "Укажите окислитель и восстановитель."
    ],
    "key_facts_ru": [
      "Окислитель — принимает электроны (понижает степень окисления).",
      "Восстановитель — отдаёт электроны (повышает степень окисления).",
      "Типичные окислители: KMnO₄, K₂Cr₂O₇, HNO₃ (конц.), H₂SO₄ (конц.).",
      "Типичные восстановители: металлы, HCl, H₂S, углерод, CO."
    ],
    "common_traps_ru": [
      "В HCl часть Cl идёт на образование соли, часть окисляется до Cl₂.",
      "Не забудьте проверить баланс по водороду и кислороду после расстановки коэффициентов.",
      "Среда важна: KMnO₄ в кислой → Mn²⁺, в нейтральной → MnO₂, в щелочной → MnO₄²⁻."
    ],
    "variability_ru": "Меняются реагенты и продукты, но принцип баланса электронов один и тот же."
  },
  {
    "task_number": 34,
    "title_ru": "Задача на вывод формулы органического вещества",
    "topic_ru": "Определение молекулярной формулы по массам продуктов сгорания",
    "answer_format": "free_text (развёрнутый ответ)",
    "algorithm_ru": [
      "По массам CO₂ и H₂O найдите количества C и H: n(C) = m(CO₂)/44, n(H) = 2·m(H₂O)/18.",
      "Найдите массы C и H: m(C) = 12·n(C), m(H) = n(H).",
      "Определите массу O (если есть): m(O) = m(вещества) − m(C) − m(H) − m(N).",
      "Найдите простейшее соотношение n(C):n(H):n(O).",
      "По плотности паров или молярной массе определите истинную формулу.",
      "M = D(H₂) · 2 или M = D(возд.) · 29."
    ],
    "key_facts_ru": [
      "При сгорании CₓHᵧOᵤ: CₓHᵧOᵤ + O₂ → xCO₂ + (y/2)H₂O.",
      "Если m(вещ-ва) = m(C) + m(H), то кислорода в составе нет.",
      "D(H₂) = M/2, D(возд.) = M/29, D(N₂) = M/28.",
      "Простейшая формула × k = истинная формула (k = M / M_простейшей)."
    ],
    "common_traps_ru": [
      "Не забудьте проверить наличие кислорода (или азота) — считайте по разности.",
      "Если в условии дан азот (N₂), учтите его: m(N) = m(вещ-ва) − m(C) − m(H) − m(O).",
      "k должен быть целым числом. Если не целое — ошибка в расчётах."
    ],
    "variability_ru": "Меняется вещество и условие (масса, плотность, доп. данные). Всегда: найти C, H → O по разности → простейшая → истинная формула."
  }
]
