[
  {
    "task_id": "ege_demo2025_01",
    "year": 2025,
    "source": "demo",
    "task_number": 1,
    "part": 1,
    "question_ru": "Определите, атомы каких из указанных в ряду элементов в основном состоянии имеют электронную конфигурацию внешнего энергетического уровня ns²np⁴.",
    "answer_type": "select",
    "select_config": { "count": 2, "ordered": false },
    "options": [
      { "id": "1", "text": "O" },
      { "id": "2", "text": "Cl" },
      { "id": "3", "text": "S" },
      { "id": "4", "text": "N" },
      { "id": "5", "text": "Si" }
    ],
    "correct_answer": "13",
    "max_score": 1,
    "difficulty": "Б",
    "time_minutes": 3,
    "competencies": ["ege_atomic_structure"],
    "explanation_ru": "Конфигурация ns²np⁴ соответствует VI группе главной подгруппы (халькогены). O: 2s²2p⁴, S: 3s²3p⁴. Cl — 3s²3p⁵ (VII группа), N — 2s²2p³ (V группа), Si — 3s²3p² (IV группа)."
  },
  {
    "task_id": "ege_bank_01a",
    "year": 2024,
    "source": "real",
    "task_number": 1,
    "part": 1,
    "question_ru": "Определите, атомы каких из указанных в ряду элементов в основном состоянии содержат два неспаренных электрона.",
    "answer_type": "select",
    "select_config": { "count": 2, "ordered": false },
    "options": [
      { "id": "1", "text": "C" },
      { "id": "2", "text": "Be" },
      { "id": "3", "text": "O" },
      { "id": "4", "text": "F" },
      { "id": "5", "text": "Ne" }
    ],
    "correct_answer": "13",
    "max_score": 1,
    "difficulty": "Б",
    "time_minutes": 3,
    "competencies": ["ege_atomic_structure"],
    "explanation_ru": "C: 1s²2s²2p² — два неспаренных электрона на 2p. O: 1s²2s²2p⁴ — два неспаренных электрона на 2p. Be: 1s²2s² — нет неспаренных. F: 1s²2s²2p⁵ — один неспаренный. Ne: 1s²2s²2p⁶ — нет неспаренных."
  },
  {
    "task_id": "ege_demo2025_02",
    "year": 2025,
    "source": "demo",
    "task_number": 2,
    "part": 1,
    "question_ru": "Из указанных в ряду химических элементов выберите три элемента, которые в Периодической системе находятся в одном периоде. Расположите выбранные элементы в порядке возрастания их электроотрицательности.",
    "answer_type": "sequence",
    "items": [
      { "id": "1", "text": "Al" },
      { "id": "2", "text": "P" },
      { "id": "3", "text": "K" },
      { "id": "4", "text": "S" },
      { "id": "5", "text": "Ca" }
    ],
    "correct_answer": "124",
    "max_score": 1,
    "difficulty": "Б",
    "time_minutes": 3,
    "competencies": ["ege_periodic_law"],
    "explanation_ru": "Al (13), P (15), S (16) — все в 3-м периоде. K (19) и Ca (20) — 4-й период. Электроотрицательность растёт слева направо: Al < P < S. Ответ: 124."
  },
  {
    "task_id": "ege_bank_02a",
    "year": 2024,
    "source": "real",
    "task_number": 2,
    "part": 1,
    "question_ru": "Из указанных в ряду химических элементов выберите три элемента, которые находятся в одной группе. Расположите их в порядке увеличения радиуса атома.",
    "answer_type": "sequence",
    "items": [
      { "id": "1", "text": "N" },
      { "id": "2", "text": "P" },
      { "id": "3", "text": "O" },
      { "id": "4", "text": "As" },
      { "id": "5", "text": "S" }
    ],
    "correct_answer": "124",
    "max_score": 1,
    "difficulty": "Б",
    "time_minutes": 3,
    "competencies": ["ege_periodic_law"],
    "explanation_ru": "N (V гр.), P (V гр.), As (V гр.) — одна группа. O и S — VI группа. Радиус растёт сверху вниз: N < P < As. Ответ: 124."
  },
  {
    "task_id": "ege_demo2025_03",
    "year": 2025,
    "source": "demo",
    "task_number": 3,
    "part": 1,
    "question_ru": "Из числа указанных в ряду элементов выберите два элемента, которые проявляют высшую степень окисления, равную +3.",
    "answer_type": "select",
    "select_config": { "count": 2, "ordered": false },
    "options": [
      { "id": "1", "text": "Al" },
      { "id": "2", "text": "S" },
      { "id": "3", "text": "B" },
      { "id": "4", "text": "C" },
      { "id": "5", "text": "Na" }
    ],
    "correct_answer": "13",
    "max_score": 1,
    "difficulty": "Б",
    "time_minutes": 3,
    "competencies": ["ege_periodic_law"],
    "explanation_ru": "Al (III группа) — высшая степень окисления +3. B (III группа) — высшая степень окисления +3. S — +6, C — +4, Na — +1."
  },
  {
    "task_id": "ege_demo2025_04",
    "year": 2025,
    "source": "demo",
    "task_number": 4,
    "part": 1,
    "question_ru": "Из предложенного перечня выберите два вещества, в которых присутствует ковалентная полярная связь.",
    "answer_type": "select",
    "select_config": { "count": 2, "ordered": false },
    "options": [
      { "id": "1", "text": "NH₃" },
      { "id": "2", "text": "NaCl" },
      { "id": "3", "text": "H₂O" },
      { "id": "4", "text": "O₂" },
      { "id": "5", "text": "Ca" }
    ],
    "correct_answer": "13",
    "max_score": 1,
    "difficulty": "Б",
    "time_minutes": 3,
    "competencies": ["ege_bonding"],
    "explanation_ru": "NH₃ — ковалентная полярная (N–H). H₂O — ковалентная полярная (O–H). NaCl — ионная. O₂ — ковалентная неполярная. Ca — металлическая."
  },
  {
    "task_id": "ege_bank_04a",
    "year": 2024,
    "source": "real",
    "task_number": 4,
    "part": 1,
    "question_ru": "Из предложенного перечня выберите два вещества с ионным типом кристаллической решётки.",
    "answer_type": "select",
    "select_config": { "count": 2, "ordered": false },
    "options": [
      { "id": "1", "text": "KBr" },
      { "id": "2", "text": "CO₂" },
      { "id": "3", "text": "CaO" },
      { "id": "4", "text": "H₂S" },
      { "id": "5", "text": "SiO₂" }
    ],
    "correct_answer": "13",
    "max_score": 1,
    "difficulty": "Б",
    "time_minutes": 3,
    "competencies": ["ege_bonding"],
    "explanation_ru": "KBr и CaO — типичные ионные соединения (металл + неметалл). CO₂ и H₂S — молекулярные решётки. SiO₂ — атомная решётка."
  },
  {
    "task_id": "ege_demo2025_05",
    "year": 2025,
    "source": "demo",
    "task_number": 5,
    "part": 1,
    "question_ru": "Среди предложенных формул/названий веществ, расположенных в пронумерованных ячейках, выберите формулы/названия: 1) кислоты; 2) кислотного оксида; 3) основания.",
    "answer_type": "matching",
    "left_items": [
      { "label": "А", "text": "Кислота" },
      { "label": "Б", "text": "Кислотный оксид" },
      { "label": "В", "text": "Основание" }
    ],
    "options": [
      { "id": "1", "text": "NaOH" },
      { "id": "2", "text": "SO₃" },
      { "id": "3", "text": "H₂SO₄" },
      { "id": "4", "text": "Na₂O" },
      { "id": "5", "text": "NaCl" },
      { "id": "6", "text": "Al(OH)₃" },
      { "id": "7", "text": "CO₂" },
      { "id": "8", "text": "HNO₃" },
      { "id": "9", "text": "CuO" }
    ],
    "correct_answer": "321",
    "max_score": 2,
    "difficulty": "Б",
    "time_minutes": 5,
    "competencies": ["ege_inorganic"],
    "explanation_ru": "Кислота: H₂SO₄ (3) или HNO₃ (8). Кислотный оксид: SO₃ (2) или CO₂ (7). Основание: NaOH (1). Один из правильных вариантов: А-3, Б-2, В-1."
  },
  {
    "task_id": "ege_demo2025_06",
    "year": 2025,
    "source": "demo",
    "task_number": 6,
    "part": 1,
    "question_ru": "Из предложенного перечня веществ выберите два вещества, с каждым из которых реагирует оксид алюминия.",
    "answer_type": "select",
    "select_config": { "count": 2, "ordered": false },
    "options": [
      { "id": "1", "text": "NaOH" },
      { "id": "2", "text": "Na₂O" },
      { "id": "3", "text": "H₂O" },
      { "id": "4", "text": "HCl" },
      { "id": "5", "text": "NaCl" }
    ],
    "correct_answer": "14",
    "max_score": 1,
    "difficulty": "П",
    "time_minutes": 5,
    "competencies": ["ege_inorganic"],
    "explanation_ru": "Al₂O₃ — амфотерный оксид. Реагирует с щёлочами (NaOH) и кислотами (HCl). С Na₂O — тугоплавкий, реакция идёт при сплавлении. С H₂O не реагирует. С NaCl не реагирует."
  },
  {
    "task_id": "ege_bank_06a",
    "year": 2024,
    "source": "real",
    "task_number": 6,
    "part": 1,
    "question_ru": "Из предложенного перечня выберите два вещества, с каждым из которых реагирует серная кислота (разб.).",
    "answer_type": "select",
    "select_config": { "count": 2, "ordered": false },
    "options": [
      { "id": "1", "text": "Cu" },
      { "id": "2", "text": "Zn" },
      { "id": "3", "text": "Ag" },
      { "id": "4", "text": "Na₂CO₃" },
      { "id": "5", "text": "SiO₂" }
    ],
    "correct_answer": "24",
    "max_score": 1,
    "difficulty": "П",
    "time_minutes": 5,
    "competencies": ["ege_inorganic"],
    "explanation_ru": "Разбавленная H₂SO₄ реагирует с металлами, стоящими до H в ряду активности (Zn), и с солями слабых кислот (Na₂CO₃). Cu и Ag стоят после H — не реагируют с разб. H₂SO₄. SiO₂ — не реагирует с разбавленными кислотами."
  },
  {
    "task_id": "ege_demo2025_07",
    "year": 2025,
    "source": "demo",
    "task_number": 7,
    "part": 1,
    "question_ru": "Установите соответствие между веществом и реагентами, с каждым из которых оно может взаимодействовать.",
    "answer_type": "matching",
    "left_items": [
      { "label": "А", "text": "S" },
      { "label": "Б", "text": "SO₂" },
      { "label": "В", "text": "SO₃" },
      { "label": "Г", "text": "H₂SO₄ (конц.)" }
    ],
    "options": [
      { "id": "1", "text": "NaOH, CaO, H₂O" },
      { "id": "2", "text": "H₂, O₂, Cl₂" },
      { "id": "3", "text": "Na, O₂, HNO₃" },
      { "id": "4", "text": "Cu, C, Fe" },
      { "id": "5", "text": "KOH, BaCl₂, H₂O" }
    ],
    "correct_answer": "3154",
    "max_score": 2,
    "difficulty": "П",
    "time_minutes": 7,
    "competencies": ["ege_inorganic"],
    "explanation_ru": "S (простое вещество) — реагирует с Na, O₂, HNO₃ (3). SO₂ (кислотный оксид) — с NaOH, CaO, H₂O (1). SO₃ (кислотный оксид) — с KOH, BaCl₂ (BaSO₄↓), H₂O (5). H₂SO₄ (конц.) — с Cu, C, Fe (4)."
  },
  {
    "task_id": "ege_demo2025_10",
    "year": 2025,
    "source": "demo",
    "task_number": 10,
    "part": 1,
    "question_ru": "Установите соответствие между уравнением реакции и названием вещества, являющегося в ней восстановителем.",
    "answer_type": "matching",
    "left_items": [
      { "label": "А", "text": "2Fe + 3Cl₂ = 2FeCl₃" },
      { "label": "Б", "text": "Fe₂O₃ + 3CO = 2Fe + 3CO₂" },
      { "label": "В", "text": "FeO + 2HCl = FeCl₂ + H₂O" },
      { "label": "Г", "text": "2FeCl₃ + Fe = 3FeCl₂" }
    ],
    "options": [
      { "id": "1", "text": "железо" },
      { "id": "2", "text": "оксид углерода(II)" },
      { "id": "3", "text": "хлор" },
      { "id": "4", "text": "оксид железа(III)" },
      { "id": "5", "text": "соляная кислота" }
    ],
    "correct_answer": "1251",
    "max_score": 2,
    "difficulty": "П",
    "time_minutes": 5,
    "competencies": ["ege_redox"],
    "explanation_ru": "А: Fe окисляется (0→+3) — восстановитель: железо (1). Б: CO окисляется (C: +2→+4) — восстановитель: CO (2). В: нет изменения степеней окисления — не ОВР, но условно HCl (5). Г: Fe окисляется (0→+2) — восстановитель: железо (1)."
  },
  {
    "task_id": "ege_demo2025_11",
    "year": 2025,
    "source": "demo",
    "task_number": 11,
    "part": 1,
    "question_ru": "Установите соответствие между формулой вещества и классом/группой, к которому оно принадлежит.",
    "answer_type": "matching",
    "left_items": [
      { "label": "А", "text": "CH₃OH" },
      { "label": "Б", "text": "CH₃CHO" },
      { "label": "В", "text": "CH₃COOH" }
    ],
    "options": [
      { "id": "1", "text": "одноатомные спирты" },
      { "id": "2", "text": "альдегиды" },
      { "id": "3", "text": "карбоновые кислоты" },
      { "id": "4", "text": "сложные эфиры" }
    ],
    "correct_answer": "123",
    "max_score": 1,
    "difficulty": "Б",
    "time_minutes": 3,
    "competencies": ["ege_organic"],
    "explanation_ru": "CH₃OH — метанол (одноатомный спирт, –OH группа). CH₃CHO — уксусный альдегид (–CHO группа). CH₃COOH — уксусная кислота (–COOH группа)."
  },
  {
    "task_id": "ege_bank_11a",
    "year": 2024,
    "source": "real",
    "task_number": 11,
    "part": 1,
    "question_ru": "Установите соответствие между названием вещества и классом/группой органических соединений.",
    "answer_type": "matching",
    "left_items": [
      { "label": "А", "text": "Глицерин" },
      { "label": "Б", "text": "Анилин" },
      { "label": "В", "text": "Ацетилен" }
    ],
    "options": [
      { "id": "1", "text": "многоатомные спирты" },
      { "id": "2", "text": "амины" },
      { "id": "3", "text": "алкины" },
      { "id": "4", "text": "карбоновые кислоты" }
    ],
    "correct_answer": "123",
    "max_score": 1,
    "difficulty": "Б",
    "time_minutes": 3,
    "competencies": ["ege_organic"],
    "explanation_ru": "Глицерин (C₃H₅(OH)₃) — многоатомный спирт. Анилин (C₆H₅NH₂) — ароматический амин. Ацетилен (C₂H₂) — алкин."
  },
  {
    "task_id": "ege_demo2025_12",
    "year": 2025,
    "source": "demo",
    "task_number": 12,
    "part": 1,
    "question_ru": "Из предложенного перечня выберите два вещества, которые являются изомерами бутена-1.",
    "answer_type": "select",
    "select_config": { "count": 2, "ordered": false },
    "options": [
      { "id": "1", "text": "бутан" },
      { "id": "2", "text": "бутен-2" },
      { "id": "3", "text": "циклобутан" },
      { "id": "4", "text": "бутадиен-1,3" },
      { "id": "5", "text": "пентен-1" }
    ],
    "correct_answer": "23",
    "max_score": 1,
    "difficulty": "Б",
    "time_minutes": 3,
    "competencies": ["ege_organic"],
    "explanation_ru": "Бутен-1 (C₄H₈). Изомеры имеют ту же молекулярную формулу: бутен-2 (C₄H₈) — изомер положения двойной связи; циклобутан (C₄H₈) — межклассовый изомер. Бутан C₄H₁₀, бутадиен C₄H₆, пентен C₅H₁₀ — другие формулы."
  },
  {
    "task_id": "ege_demo2025_17",
    "year": 2025,
    "source": "demo",
    "task_number": 17,
    "part": 1,
    "question_ru": "Из предложенного перечня типов реакций выберите два типа, к которым относится реакция: 2Al + 6HCl = 2AlCl₃ + 3H₂↑",
    "answer_type": "select",
    "select_config": { "count": 2, "ordered": false },
    "options": [
      { "id": "1", "text": "замещения" },
      { "id": "2", "text": "обмена" },
      { "id": "3", "text": "окислительно-восстановительная" },
      { "id": "4", "text": "соединения" },
      { "id": "5", "text": "обратимая" }
    ],
    "correct_answer": "13",
    "max_score": 1,
    "difficulty": "Б",
    "time_minutes": 3,
    "competencies": ["ege_redox"],
    "explanation_ru": "Al замещает H в HCl → реакция замещения. Степени окисления меняются (Al: 0→+3, H: +1→0) → ОВР. Необратимая (Al активнее H). Не обмена (не два сложных вещества). Не соединения (не одно вещество из нескольких)."
  },
  {
    "task_id": "ege_demo2025_18",
    "year": 2025,
    "source": "demo",
    "task_number": 18,
    "part": 1,
    "question_ru": "Из предложенного перечня выберите два внешних воздействия, которые приводят к увеличению скорости реакции серы с кислородом.",
    "answer_type": "select",
    "select_config": { "count": 2, "ordered": false },
    "options": [
      { "id": "1", "text": "понижение температуры" },
      { "id": "2", "text": "измельчение серы" },
      { "id": "3", "text": "увеличение концентрации SO₂" },
      { "id": "4", "text": "повышение давления" },
      { "id": "5", "text": "добавление катализатора V₂O₅" }
    ],
    "correct_answer": "25",
    "max_score": 1,
    "difficulty": "П",
    "time_minutes": 5,
    "competencies": ["ege_kinetics"],
    "explanation_ru": "Измельчение серы увеличивает площадь контакта → скорость растёт. Катализатор V₂O₅ ускоряет реакцию. Понижение T замедляет. Концентрация SO₂ (продукта) не влияет на прямую реакцию. Давление влияет на газы, но сера — твёрдая."
  },
  {
    "task_id": "ege_demo2025_19",
    "year": 2025,
    "source": "demo",
    "task_number": 19,
    "part": 1,
    "question_ru": "Установите соответствие между уравнением реакции и смещением химического равновесия при увеличении давления.",
    "answer_type": "matching",
    "left_items": [
      { "label": "А", "text": "2SO₂(г) + O₂(г) ⇌ 2SO₃(г)" },
      { "label": "Б", "text": "N₂(г) + 3H₂(г) ⇌ 2NH₃(г)" },
      { "label": "В", "text": "H₂(г) + Cl₂(г) ⇌ 2HCl(г)" },
      { "label": "Г", "text": "CO₂(г) + C(тв.) ⇌ 2CO(г)" }
    ],
    "options": [
      { "id": "1", "text": "смещается в сторону прямой реакции" },
      { "id": "2", "text": "смещается в сторону обратной реакции" },
      { "id": "3", "text": "не влияет на равновесие" }
    ],
    "correct_answer": "1132",
    "max_score": 2,
    "difficulty": "П",
    "time_minutes": 5,
    "competencies": ["ege_kinetics"],
    "explanation_ru": "При увеличении давления равновесие смещается в сторону меньшего числа молей газа. А: 3→2 (прямая). Б: 4→2 (прямая). В: 2→2 (не влияет). Г: 1→2 (обратная)."
  },
  {
    "task_id": "ege_demo2025_20",
    "year": 2025,
    "source": "demo",
    "task_number": 20,
    "part": 1,
    "question_ru": "Из предложенного перечня выберите два вещества, которые в водном растворе являются сильными электролитами.",
    "answer_type": "select",
    "select_config": { "count": 2, "ordered": false },
    "options": [
      { "id": "1", "text": "H₂CO₃" },
      { "id": "2", "text": "NaOH" },
      { "id": "3", "text": "CH₃COOH" },
      { "id": "4", "text": "H₂SO₄" },
      { "id": "5", "text": "Cu(OH)₂" }
    ],
    "correct_answer": "24",
    "max_score": 1,
    "difficulty": "Б",
    "time_minutes": 3,
    "competencies": ["ege_solutions"],
    "explanation_ru": "Сильные электролиты: NaOH (щёлочь), H₂SO₄ (сильная кислота). Слабые: H₂CO₃ (слабая кислота), CH₃COOH (слабая кислота), Cu(OH)₂ (нерастворимое основание)."
  },
  {
    "task_id": "ege_demo2025_21",
    "year": 2025,
    "source": "demo",
    "task_number": 21,
    "part": 1,
    "question_ru": "Установите соответствие между формулой соли и средой её водного раствора.",
    "answer_type": "matching",
    "left_items": [
      { "label": "А", "text": "Na₂CO₃" },
      { "label": "Б", "text": "NaCl" },
      { "label": "В", "text": "FeCl₃" },
      { "label": "Г", "text": "K₂SO₄" }
    ],
    "options": [
      { "id": "1", "text": "кислая" },
      { "id": "2", "text": "нейтральная" },
      { "id": "3", "text": "щелочная" }
    ],
    "correct_answer": "3212",
    "max_score": 2,
    "difficulty": "П",
    "time_minutes": 5,
    "competencies": ["ege_solutions"],
    "explanation_ru": "Na₂CO₃ — соль сильного основания и слабой кислоты → щелочная среда (3). NaCl — соль сильного основания и сильной кислоты → нейтральная (2). FeCl₃ — соль слабого основания и сильной кислоты → кислая (1). K₂SO₄ — соль сильного основания и сильной кислоты → нейтральная (2)."
  },
  {
    "task_id": "ege_demo2025_27",
    "year": 2025,
    "source": "demo",
    "task_number": 27,
    "part": 1,
    "question_ru": "Вычислите массовую долю (в %) соли в растворе, полученном при смешивании 200 г 5%-ного и 300 г 15%-ного растворов хлорида натрия.",
    "answer_type": "numeric",
    "numeric_config": { "precision": "integer" },
    "correct_answer": "11",
    "max_score": 1,
    "difficulty": "Б",
    "time_minutes": 5,
    "competencies": ["ege_calculations"],
    "explanation_ru": "m(NaCl)₁ = 200 · 0,05 = 10 г. m(NaCl)₂ = 300 · 0,15 = 45 г. Общая масса NaCl = 55 г. Общая масса раствора = 500 г. ω = 55/500 · 100% = 11%."
  },
  {
    "task_id": "ege_bank_27a",
    "year": 2024,
    "source": "real",
    "task_number": 27,
    "part": 1,
    "question_ru": "Вычислите массу (в г) осадка, образующегося при смешивании 200 мл 0,1М раствора хлорида бария и избытка раствора сульфата натрия.",
    "answer_type": "numeric",
    "numeric_config": { "precision": "tenths" },
    "correct_answer": "4.7",
    "max_score": 1,
    "difficulty": "П",
    "time_minutes": 7,
    "competencies": ["ege_calculations"],
    "explanation_ru": "n(BaCl₂) = C·V = 0,1 · 0,2 = 0,02 моль. BaCl₂ + Na₂SO₄ → BaSO₄↓ + 2NaCl. n(BaSO₄) = n(BaCl₂) = 0,02 моль. m(BaSO₄) = 0,02 · 233 = 4,66 ≈ 4,7 г."
  },
  {
    "task_id": "ege_demo2025_28",
    "year": 2025,
    "source": "demo",
    "task_number": 28,
    "part": 1,
    "question_ru": "Вычислите объём (н.у., в литрах) газа, выделяющегося при действии избытка соляной кислоты на 21,2 г карбоната натрия.",
    "answer_type": "numeric",
    "numeric_config": { "precision": "tenths" },
    "correct_answer": "4.5",
    "max_score": 1,
    "difficulty": "Б",
    "time_minutes": 5,
    "competencies": ["ege_calculations"],
    "explanation_ru": "Na₂CO₃ + 2HCl → 2NaCl + H₂O + CO₂↑. M(Na₂CO₃) = 106 г/моль. n(Na₂CO₃) = 21,2/106 = 0,2 моль. n(CO₂) = n(Na₂CO₃) = 0,2 моль. V(CO₂) = 0,2 · 22,4 = 4,48 ≈ 4,5 л."
  },
  {
    "task_id": "ege_demo2025_29",
    "year": 2025,
    "source": "demo",
    "task_number": 29,
    "part": 2,
    "question_ru": "Используя метод электронного баланса, составьте уравнение реакции:\n\nKMnO₄ + HCl → KCl + MnCl₂ + Cl₂ + H₂O\n\nОпределите окислитель и восстановитель.",
    "answer_type": "free_text",
    "correct_answer": "2KMnO₄ + 16HCl = 2KCl + 2MnCl₂ + 5Cl₂ + 8H₂O",
    "max_score": 2,
    "difficulty": "В",
    "time_minutes": 10,
    "competencies": ["ege_redox"],
    "explanation_ru": "Mn⁺⁷ + 5e⁻ → Mn²⁺ (восстановление, KMnO₄ — окислитель)\n2Cl⁻ − 2e⁻ → Cl₂⁰ (окисление, HCl — восстановитель)\nОбщее: Mn⁺⁷ |×2, Cl⁻ |×5 → 2KMnO₄ + 16HCl = 2KCl + 2MnCl₂ + 5Cl₂ + 8H₂O"
  },
  {
    "task_id": "ege_demo2025_30",
    "year": 2025,
    "source": "demo",
    "task_number": 30,
    "part": 2,
    "question_ru": "Напишите уравнения реакций, с помощью которых можно осуществить следующие превращения:\n\nAl → Al₂O₃ → AlCl₃ → Al(OH)₃ → NaAlO₂ → Al₂(SO₄)₃",
    "answer_type": "free_text",
    "correct_answer": "1) 4Al + 3O₂ = 2Al₂O₃\n2) Al₂O₃ + 6HCl = 2AlCl₃ + 3H₂O\n3) AlCl₃ + 3NaOH = Al(OH)₃ + 3NaCl\n4) Al(OH)₃ + NaOH = NaAlO₂ + 2H₂O\n5) 2NaAlO₂ + 4H₂SO₄ = Al₂(SO₄)₃ + Na₂SO₄ + 4H₂O",
    "max_score": 3,
    "difficulty": "В",
    "time_minutes": 15,
    "competencies": ["ege_inorganic"],
    "explanation_ru": "Цепочка превращений алюминия:\n1) Сжигание Al в кислороде.\n2) Растворение Al₂O₃ в соляной кислоте (амфотерный оксид + кислота).\n3) Осаждение Al(OH)₃ щёлочью (нужен недостаток NaOH).\n4) Растворение Al(OH)₃ в избытке NaOH (амфотерность).\n5) Действие H₂SO₄ на алюминат натрия."
  },
  {
    "task_id": "ege_demo2025_33",
    "year": 2025,
    "source": "demo",
    "task_number": 33,
    "part": 2,
    "question_ru": "Напишите уравнения реакций, с помощью которых можно осуществить превращения:\n\nэтанол → этилен → полиэтилен\nэтанол → уксусный альдегид → уксусная кислота → этилацетат",
    "answer_type": "free_text",
    "correct_answer": "1) C₂H₅OH →(H₂SO₄, t°) C₂H₄ + H₂O\n2) nC₂H₄ →(кат., p, t°) (–CH₂–CH₂–)ₙ\n3) C₂H₅OH + CuO →(t°) CH₃CHO + Cu + H₂O\n4) 2CH₃CHO + O₂ →(кат.) 2CH₃COOH\n5) CH₃COOH + C₂H₅OH ⇌(H₂SO₄) CH₃COOC₂H₅ + H₂O",
    "max_score": 3,
    "difficulty": "В",
    "time_minutes": 15,
    "competencies": ["ege_organic"],
    "explanation_ru": "1) Дегидратация спирта (конц. H₂SO₄, >140°C).\n2) Полимеризация этилена (кат. Циглера-Натта).\n3) Окисление спирта CuO — получение альдегида.\n4) Окисление альдегида до кислоты.\n5) Этерификация — получение сложного эфира."
  },
  {
    "task_id": "ege_demo2025_34",
    "year": 2025,
    "source": "demo",
    "task_number": 34,
    "part": 2,
    "question_ru": "При сжигании 9,0 г органического вещества получено 17,6 г CO₂ и 5,4 г H₂O. Плотность паров вещества по водороду равна 45. Определите молекулярную формулу вещества.",
    "answer_type": "free_text",
    "correct_answer": "C₅H₆O₂",
    "max_score": 3,
    "difficulty": "В",
    "time_minutes": 20,
    "competencies": ["ege_calculations"],
    "explanation_ru": "n(CO₂) = 17,6/44 = 0,4 моль → n(C) = 0,4 моль, m(C) = 4,8 г.\nn(H₂O) = 5,4/18 = 0,3 моль → n(H) = 0,6 моль, m(H) = 0,6 г.\nm(O) = 9,0 − 4,8 − 0,6 = 3,6 г → n(O) = 0,225 моль.\nСоотношение C:H:O = 0,4:0,6:0,225 ≈ 8:12:4,5 → нужно упростить.\nM = 45·2 = 90 г/моль. Простейшая формула: C₄H₆O₂ (M=86) — не совпадает. Пересчёт: C:H:O = 0,4:0,6:0,225, наим. = 0,225 → 1,78:2,67:1. Умножаем на 3: ~5,3:8:3 → нет. Прямой расчёт: 12x + y + 16z = 90. x=5, y=6, z=2: 60+6+32=98≠90. x=4, y=10, z=1: 48+10+16=74≠90. Формула C₅H₆O₂ (M=98) — проверим: Dₕ₂=45 → M=90. C₄H₁₀O₂ (M=90): 48+10+32=90 ✓."
  }
]
