[
  {
    "id": "electronegativity",
    "unit": null,
    "value_field": "electronegativity",
    "object": "element",
    "trend_hint": {
      "period": "increases",
      "group": "decreases"
    },
    "i18n": {
      "ru": {
        "nom": "электроотрицательность",
        "gen": "электроотрицательности"
      },
      "en": {
        "name": "electronegativity"
      }
    }
  },
  {
    "id": "atomic_mass",
    "unit": "u",
    "value_field": "atomic_mass",
    "object": "element",
    "trend_hint": null,
    "i18n": {
      "ru": {
        "nom": "атомная масса",
        "gen": "атомной массы"
      },
      "en": {
        "name": "atomic mass"
      }
    }
  },
  {
    "id": "melting_point",
    "unit": "°C",
    "value_field": "melting_point_C",
    "object": "element",
    "trend_hint": null,
    "i18n": {
      "ru": {
        "nom": "температура плавления",
        "gen": "температуры плавления"
      },
      "en": {
        "name": "melting point"
      }
    }
  },
  {
    "id": "boiling_point",
    "unit": "°C",
    "value_field": "boiling_point_C",
    "object": "element",
    "trend_hint": null,
    "i18n": {
      "ru": {
        "nom": "температура кипения",
        "gen": "температуры кипения"
      },
      "en": {
        "name": "boiling point"
      }
    }
  },
  {
    "id": "density",
    "unit": "г/см³",
    "value_field": "density_g_cm3",
    "object": "element",
    "trend_hint": null,
    "i18n": {
      "ru": {
        "nom": "плотность",
        "gen": "плотности"
      },
      "en": {
        "name": "density"
      }
    }
  }
]