{
  "alkali_metal": {
    "name_ru": "Щелочные металлы",
    "name_singular_ru": "Щелочной металл",
    "origin_ru": "Название от арабского «аль-кали» — зола растений, из которой получали поташ (K₂CO₃).",
    "description_ru": "Мягкие серебристые металлы I группы (кроме H). Легко отдают один валентный электрон, образуя ион +1. Бурно реагируют с водой, на воздухе быстро окисляются. Активность растёт сверху вниз: Li < Na < K < Rb < Cs.",
    "common_properties_ru": [
      "Один валентный электрон (ns¹)",
      "Степень окисления только +1",
      "Низкие температуры плавления и плотности",
      "Сильные восстановители",
      "Гидроксиды — сильные основания (щёлочи)"
    ]
  },
  "alkaline_earth": {
    "name_ru": "Щёлочноземельные металлы",
    "name_singular_ru": "Щёлочноземельный металл",
    "origin_ru": "«Земли» — старинное название оксидов. Оксиды Ca, Sr, Ba при растворении дают щёлочи, отсюда «щёлочноземельные».",
    "description_ru": "Металлы II группы. Имеют два валентных электрона, образуют ионы +2. Менее активны, чем щелочные, но Ca, Sr, Ba реагируют с водой. Be и Mg стоят особняком: Be — амфотерный, Mg реагирует с водой только при нагревании.",
    "common_properties_ru": [
      "Два валентных электрона (ns²)",
      "Степень окисления +2",
      "Твёрже и плотнее щелочных металлов",
      "Оксиды — основные (BeO — амфотерный)",
      "Активность растёт сверху вниз"
    ]
  },
  "transition_metal": {
    "name_ru": "Переходные металлы",
    "name_singular_ru": "Переходный металл",
    "origin_ru": "«Переходные» — расположены между s- и p-элементами, осуществляя переход по заполнению d-подуровня.",
    "description_ru": "Элементы с частично заполненными d-подуровнями. У переходных металлов электроны предвнешнего d-подуровня могут участвовать в образовании химических связей и определяют переменные степени окисления. Образуют окрашенные соединения и комплексы. Включают важнейшие промышленные металлы: Fe, Cu, Zn, Ti, Cr, Mn.",
    "common_properties_ru": [
      "Заполняется (n−1)d-подуровень",
      "Переменные степени окисления",
      "Образуют окрашенные соединения",
      "Высокие температуры плавления",
      "Многие — катализаторы (Fe, Ni, Pt, Pd)"
    ]
  },
  "post_transition_metal": {
    "name_ru": "Постпереходные металлы",
    "name_singular_ru": "Постпереходный металл",
    "origin_ru": "Расположены в таблице правее переходных металлов, после завершения заполнения d-подуровня.",
    "description_ru": "Металлы правее переходных (Al, Ga, In, Sn, Tl, Pb, Bi и др.). Более мягкие и легкоплавкие. Многие проявляют амфотерность (Al, Sn, Pb). Некоторые имеют низкие температуры плавления (Ga плавится в руке).",
    "common_properties_ru": [
      "Заполнены d-подуровни, валентные электроны на s- и p-",
      "Низкие температуры плавления",
      "Многие амфотерны (Al₂O₃, ZnO, PbO)",
      "Менее твёрдые, чем переходные металлы",
      "Часто проявляют две степени окисления"
    ]
  },
  "metalloid": {
    "name_ru": "Металлоиды",
    "name_singular_ru": "Металлоид",
    "origin_ru": "От греческого «металлоейдес» — подобный металлу. Занимают пограничное положение между металлами и неметаллами.",
    "description_ru": "Элементы на границе металлов и неметаллов (B, Si, Ge, As, Sb, Te). Обладают промежуточными свойствами: проводят электричество хуже металлов, но лучше неметаллов. Многие — полупроводники, основа электроники.",
    "common_properties_ru": [
      "Промежуточные свойства между металлами и неметаллами",
      "Полупроводники (Si, Ge)",
      "Хрупкие твёрдые вещества",
      "Электроотрицательность ~1.8–2.1",
      "Амфотерные оксиды"
    ]
  },
  "nonmetal": {
    "name_ru": "Неметаллы",
    "name_singular_ru": "Неметалл",
    "origin_ru": "Буквально «не металл» — элементы, не обладающие металлическими свойствами.",
    "description_ru": "Элементы с высокой электроотрицательностью, которые принимают электроны или образуют ковалентные связи. Плохо проводят тепло и электричество. Включают важнейшие элементы жизни: C, N, O, P, S.",
    "common_properties_ru": [
      "Высокая электроотрицательность",
      "Принимают электроны или образуют ковалентные связи",
      "Плохие проводники тепла и электричества",
      "Оксиды — кислотные",
      "Многообразие аллотропных модификаций (C: алмаз, графит)"
    ]
  },
  "halogen": {
    "name_ru": "Галогены",
    "name_singular_ru": "Галоген",
    "origin_ru": "От греческого «галс» — соль и «генос» — рождение. Буквально «солерождающие»: реагируя с металлами, образуют соли.",
    "description_ru": "Элементы VII группы (F, Cl, Br, I, At). Сильные окислители, легко принимают один электрон, образуя ион −1. Молекулы двухатомные (F₂, Cl₂, Br₂, I₂). Активность падает сверху вниз: F > Cl > Br > I.",
    "common_properties_ru": [
      "Семь валентных электронов (ns²np⁵)",
      "Типичная степень окисления −1",
      "Сильные окислители (F₂ — самый сильный)",
      "Двухатомные молекулы",
      "С металлами образуют соли (галогениды)"
    ]
  },
  "noble_gas": {
    "name_ru": "Благородные газы",
    "name_singular_ru": "Благородный газ",
    "origin_ru": "«Благородные» — по аналогии с благородными металлами: не вступают в реакции в обычных условиях.",
    "description_ru": "Элементы VIII группы с полностью заполненной внешней оболочкой (ns²np⁶, у He — 1s²). Химически инертны в обычных условиях. Только Kr и Xe образуют соединения с F и O при жёстких условиях.",
    "common_properties_ru": [
      "Завершённая внешняя оболочка (октет, у He — дублет)",
      "Химически инертны",
      "Одноатомные газы без цвета и запаха",
      "Низкие температуры кипения",
      "Используются в освещении, сварке, криотехнике"
    ]
  },
  "lanthanide": {
    "name_ru": "Лантаноиды",
    "name_singular_ru": "Лантаноид",
    "origin_ru": "По лантану — первому элементу серии (от греческого «лантано» — скрываюсь, потому что долго ускользал от обнаружения).",
    "description_ru": "14 элементов (Ce–Lu) с заполняющимся 4f-подуровнем. Химически очень схожи между собой, типичная степень окисления +3. Называются также редкоземельными элементами, хотя в земной коре не так уж редки.",
    "common_properties_ru": [
      "Заполняется 4f-подуровень",
      "Типичная степень окисления +3",
      "Химическое сходство внутри серии",
      "«Лантаноидное сжатие» — плавное уменьшение радиуса",
      "Применяются в магнитах, лазерах, катализаторах"
    ]
  },
  "actinide": {
    "name_ru": "Актиноиды",
    "name_singular_ru": "Актиноид",
    "origin_ru": "По актинию — первому элементу серии (от греческого «актис» — луч, из-за радиоактивности).",
    "description_ru": "14 элементов (Th–Lr) с заполняющимся 5f-подуровнем. Все радиоактивны. Уран и плутоний — ядерное топливо. Элементы после урана (трансурановые) получены искусственно.",
    "common_properties_ru": [
      "Заполняется 5f-подуровень",
      "Все радиоактивны",
      "Более разнообразные степени окисления, чем у лантаноидов",
      "U, Pu — ядерное топливо",
      "Элементы после U (Z > 92) — синтетические"
    ]
  }
}
