[
  {
    "id": "chemical_reaction",
    "kind": "chemical",
    "name_ru": "химическая реакция",
    "description_ru": "Химическое превращение с изменением состава веществ. Базовый тип процесса — остальные процессы описывают условия, эффекты и операции вокруг реакции."
  },
  {
    "id": "neutralization",
    "kind": "chemical",
    "name_ru": "нейтрализация",
    "description_ru": "Реакция кислоты с основанием с образованием соли и воды. Экзотермична. Движущая сила — образование слабого электролита (H₂O).",
    "params": [
      "acid_substance_id",
      "base_substance_id"
    ]
  },
  {
    "id": "displacement",
    "kind": "chemical",
    "name_ru": "замещение",
    "description_ru": "Более активный металл вытесняет менее активный из раствора его соли. Определяется рядом активности металлов.",
    "params": [
      "metal_substance_id",
      "salt_substance_id"
    ]
  },
  {
    "id": "heating",
    "kind": "operation",
    "name_ru": "нагревание",
    "description_ru": "Повышение температуры системы. Увеличивает скорость реакции (правило Вант-Гоффа), может сместить равновесие (для эндотермических — вправо). Режимы: нагрев на водяной бане, прокаливание, сплавление.",
    "params": [
      "T_target_K",
      "mode",
      "duration_s",
      "Q_input_kJ"
    ]
  },
  {
    "id": "cooling",
    "kind": "operation",
    "name_ru": "охлаждение",
    "description_ru": "Понижение температуры системы. Снижает скорость реакции, смещает равновесие экзотермической реакции вправо. Используется для кристаллизации и конденсации.",
    "params": [
      "T_target_K",
      "mode"
    ]
  },
  {
    "id": "stirring",
    "kind": "operation",
    "name_ru": "перемешивание",
    "description_ru": "Механическое перемешивание реакционной смеси. Увеличивает площадь контакта реагентов и скорость массопереноса, ускоряя реакцию в гетерогенных системах.",
    "params": [
      "intensity",
      "duration_s"
    ]
  },
  {
    "id": "grinding",
    "kind": "operation",
    "name_ru": "измельчение",
    "description_ru": "Уменьшение размера частиц твёрдого вещества. Увеличивает площадь поверхности, ускоряя гетерогенные реакции и растворение.",
    "params": [
      "particle_size"
    ]
  },
  {
    "id": "dilution",
    "kind": "operation",
    "name_ru": "разбавление",
    "description_ru": "Добавление растворителя к раствору. Уменьшает концентрацию реагентов, что снижает скорость реакции и может сместить равновесие.",
    "params": [
      "factor",
      "volume_added_ml"
    ]
  },
  {
    "id": "add_excess_reagent",
    "kind": "operation",
    "name_ru": "избыток реагента",
    "description_ru": "Добавление одного из реагентов в избытке. Смещает равновесие в сторону продуктов (принцип Ле Шателье), обеспечивает полное расходование лимитирующего реагента.",
    "params": [
      "reagent_substance_id",
      "excess_ratio"
    ]
  },
  {
    "id": "filtration",
    "kind": "operation",
    "name_ru": "фильтрование",
    "description_ru": "Разделение твёрдой и жидкой фаз пропусканием через фильтр. Осадок остаётся на фильтре, фильтрат проходит через него.",
    "params": [
      "solid_substance_id"
    ]
  },
  {
    "id": "washing",
    "kind": "operation",
    "name_ru": "промывание",
    "description_ru": "Удаление примесей с поверхности осадка промывной жидкостью (обычно дистиллированной водой). Выполняется после фильтрования.",
    "params": [
      "solvent",
      "cycles"
    ]
  },
  {
    "id": "drying",
    "kind": "operation",
    "name_ru": "сушка",
    "description_ru": "Удаление влаги из твёрдого вещества. Режимы: на воздухе, в эксикаторе, в сушильном шкафу. Отличается от прокаливания — не должна вызывать химического разложения.",
    "params": [
      "mode",
      "T_K"
    ]
  },
  {
    "id": "evaporation",
    "kind": "operation",
    "name_ru": "выпаривание",
    "description_ru": "Удаление растворителя нагреванием раствора. Используется для получения твёрдого вещества из раствора (кристаллизация выпариванием) или концентрирования раствора.",
    "params": [
      "T_K",
      "mode"
    ]
  },
  {
    "id": "decantation",
    "kind": "operation",
    "name_ru": "декантация",
    "description_ru": "Сливание жидкости с осадка без фильтрования. Применяется когда осадок тяжёлый и хорошо оседает.",
    "params": [
      "solid_substance_id"
    ]
  },
  {
    "id": "distillation",
    "kind": "operation",
    "name_ru": "перегонка",
    "description_ru": "Разделение жидкой смеси на фракции путём испарения и конденсации. Основано на различии температур кипения компонентов.",
    "params": [
      "T_boiling_K",
      "fraction_substance_id"
    ]
  },
  {
    "id": "dissolution",
    "kind": "physical",
    "name_ru": "растворение",
    "description_ru": "Переход вещества в раствор при контакте с растворителем. Может быть экзо- или эндотермическим. Зависит от температуры, перемешивания, степени измельчения.",
    "params": [
      "solvent",
      "T_K",
      "stirring",
      "particle_size",
      "deltaH_solution_kJ_mol"
    ]
  },
  {
    "id": "crystallization",
    "kind": "physical",
    "name_ru": "кристаллизация",
    "description_ru": "Выделение твёрдого вещества из пересыщенного раствора в виде кристаллов. Обратный процесс растворения. Ускоряется охлаждением или выпариванием.",
    "params": [
      "substance_id",
      "T_K",
      "mode"
    ]
  },
  {
    "id": "sublimation",
    "kind": "physical",
    "name_ru": "возгонка",
    "description_ru": "Переход вещества из твёрдого состояния в газообразное минуя жидкую фазу. Классический пример — возгонка иода. Используется для очистки веществ.",
    "params": [
      "substance_id",
      "T_K"
    ]
  },
  {
    "id": "condensation",
    "kind": "physical",
    "name_ru": "конденсация",
    "description_ru": "Переход вещества из газообразного состояния в жидкое при охлаждении или повышении давления.",
    "params": [
      "substance_id",
      "T_K",
      "p_bar"
    ]
  },
  {
    "id": "melting",
    "kind": "physical",
    "name_ru": "плавление",
    "description_ru": "Переход вещества из твёрдого состояния в жидкое при нагревании до температуры плавления.",
    "params": [
      "substance_id",
      "T_melting_K"
    ]
  },
  {
    "id": "boiling",
    "kind": "physical",
    "name_ru": "кипение",
    "description_ru": "Интенсивный переход жидкости в газ при температуре кипения. Температура кипения зависит от давления.",
    "params": [
      "substance_id",
      "T_boiling_K",
      "p_bar"
    ]
  },
  {
    "id": "dissociation",
    "kind": "physchem",
    "name_ru": "диссоциация",
    "description_ru": "Распад электролита на ионы в растворе или расплаве. Сильные электролиты диссоциируют полностью (α≈1), слабые — частично (α≪1, характеризуется K_diss).",
    "params": [
      "medium",
      "strength",
      "K"
    ]
  },
  {
    "id": "precipitation",
    "kind": "physchem",
    "name_ru": "осаждение",
    "description_ru": "Образование нерастворимого твёрдого вещества (осадка) из раствора. Движущая сила реакций ионного обмена — продукт покидает раствор. Характеризуется ПР (Ksp).",
    "params": [
      "solid_substance_id",
      "color",
      "Ksp",
      "T_K"
    ]
  },
  {
    "id": "gas_evolution",
    "kind": "physchem",
    "name_ru": "выделение газа",
    "description_ru": "Образование газообразного продукта, покидающего реакционную среду. Движущая сила реакций — продукт уходит из системы, смещая равновесие вправо.",
    "params": [
      "gas_substance_id",
      "vented",
      "p_bar"
    ]
  },
  {
    "id": "gas_absorption",
    "kind": "physchem",
    "name_ru": "поглощение газа",
    "description_ru": "Растворение газа в жидкости с возможным химическим взаимодействием. Пример: CO₂ + NaOH → Na₂CO₃. Зависит от давления и температуры.",
    "params": [
      "gas_substance_id",
      "liquid_medium",
      "mass_transfer",
      "p_bar"
    ]
  },
  {
    "id": "complexation",
    "kind": "physchem",
    "name_ru": "комплексообразование",
    "description_ru": "Образование комплексного иона из центрального атома (иона металла) и лигандов. Пример: Al(OH)₃ + NaOH(изб.) → Na[Al(OH)₄]. Характеризуется константой устойчивости β.",
    "params": [
      "complex_substance_id",
      "ligands",
      "beta"
    ]
  },
  {
    "id": "water_formation",
    "kind": "physchem",
    "name_ru": "образование воды",
    "description_ru": "Образование слабого электролита H₂O из ионов H⁺ и OH⁻. Основная движущая сила реакций нейтрализации и многих реакций ионного обмена."
  },
  {
    "id": "weak_electrolyte_formation",
    "kind": "physchem",
    "name_ru": "образование слабого электролита",
    "description_ru": "Образование малодиссоциирующего вещества из ионов в растворе. Обобщение water_formation — включает образование слабых кислот (HF, H₂CO₃, H₂S), NH₃·H₂O и др.",
    "params": [
      "product_substance_id"
    ]
  },
  {
    "id": "catalysis",
    "kind": "physchem",
    "name_ru": "катализ",
    "description_ru": "Изменение скорости реакции за счёт катализатора, который не расходуется. Снижает энергию активации, не изменяет ΔH и положение равновесия.",
    "params": [
      "catalyst_substance_id",
      "type"
    ]
  },
  {
    "id": "adsorption",
    "kind": "physchem",
    "name_ru": "адсорбция",
    "description_ru": "Поглощение вещества из раствора или газа поверхностью твёрдого тела (адсорбента). Пример: активированный уголь поглощает примеси из воды.",
    "params": [
      "adsorbent_substance_id",
      "adsorbate_substance_id"
    ]
  },
  {
    "id": "photodecomposition",
    "kind": "physchem",
    "name_ru": "фоторазложение",
    "description_ru": "Разложение вещества под действием света. Пример: AgCl темнеет на свету (2AgCl → 2Ag + Cl₂). Используется как качественная реакция на хлорид серебра.",
    "params": [
      "substance_id",
      "light_wavelength"
    ]
  },
  {
    "id": "electrolysis",
    "kind": "physchem",
    "name_ru": "электролиз",
    "description_ru": "Окислительно-восстановительный процесс на электродах при прохождении постоянного тока через раствор или расплав электролита. Катод — восстановление, анод — окисление.",
    "params": [
      "electrolyte_substance_id",
      "medium",
      "electrode_material"
    ]
  },
  {
    "id": "remove_gas",
    "kind": "constraint",
    "name_ru": "удаление газа",
    "description_ru": "Формальное ограничение: газообразный продукт покидает систему (открытый сосуд, вентиляция). Смещает равновесие в сторону образования газа — реакция идёт до конца.",
    "params": [
      "gas_substance_id"
    ]
  },
  {
    "id": "remove_solid",
    "kind": "constraint",
    "name_ru": "удаление осадка",
    "description_ru": "Формальное ограничение: осадок выходит из раствора (седиментация или фильтрование). Снижает концентрацию продукта в растворе, смещая равновесие вправо.",
    "params": [
      "solid_substance_id"
    ]
  },
  {
    "id": "closed_system",
    "kind": "constraint",
    "name_ru": "замкнутая система",
    "description_ru": "Ограничение: система не обменивается веществом с окружающей средой. Газы не удаляются, равновесие устанавливается. Важно для задач на равновесие и принцип Ле Шателье."
  },
  {
    "id": "excess_condition",
    "kind": "constraint",
    "name_ru": "условие избытка",
    "description_ru": "Формальное ограничение: один из реагентов присутствует в избытке. Определяет стехиометрию (лимитирующий реагент расходуется полностью) и может влиять на продукт (напр., CO₂+NaOH при избытке/недостатке).",
    "params": [
      "reagent_substance_id",
      "excess_or_deficit"
    ]
  }
]
