[
  {
    "task_number": 1,
    "title_ru": "Простое вещество vs химический элемент",
    "topic_ru": "Строение атома. Различие понятий «элемент» и «простое вещество»",
    "answer_format": "select (2 из 5)",
    "algorithm_ru": [
      "Прочитайте каждое утверждение и определите: речь идёт о веществе (можно потрогать, увидеть, использовать) или об элементе (абстрактный вид атомов).",
      "Признаки элемента: «входит в состав», «атом», «распространённость в земной коре», «образует химическую связь», «содержится в молекуле».",
      "Признаки простого вещества: физические свойства (цвет, запах, плотность), применение в быту/технике, аллотропия, горение, коррозия.",
      "Выберите 2 утверждения, где говорится об элементе."
    ],
    "key_facts_ru": [
      "Химический элемент — определённый вид атомов с одинаковым зарядом ядра.",
      "Простое вещество — конкретная форма существования элемента (например, O₂ и O₃ — два вещества одного элемента).",
      "«Распространённость в земной коре» — всегда элемент (речь о доле атомов, не о куске вещества).",
      "«Аллотропные модификации» — всегда простое вещество.",
      "«Входит в состав соединения/белка/минерала» — всегда элемент."
    ],
    "common_traps_ru": [
      "«Образует связь с кислородом» — это про элемент, не про вещество (речь о химической природе атома).",
      "«Используется в промышленности» — это про вещество (конкретное применение).",
      "Не путать: «фосфор входит в состав белков» (элемент) и «фосфор наносят на спички» (вещество)."
    ],
    "variability_ru": "Меняется элемент (Al, P, S, H, O, N, Fe, C, Cl...) и набор утверждений. Принцип один и тот же."
  },
  {
    "task_number": 2,
    "title_ru": "Период и группа по электронной конфигурации",
    "topic_ru": "Периодическая система: нахождение элемента по распределению электронов",
    "answer_format": "input_cells (X — период, Y — группа)",
    "algorithm_ru": [
      "Дано распределение электронов по слоям (например, 2, 8, 5).",
      "Число электронных слоёв = номер периода. Считаем: 2, 8, 5 → 3 слоя → период 3.",
      "Число электронов на последнем слое = номер группы. Последний слой = 5 → группа V.",
      "Запишите X (период) и Y (группу) в ячейки."
    ],
    "key_facts_ru": [
      "Максимальное число e⁻ на слоях: 1-й → 2, 2-й → 8, 3-й → 18, 4-й → 32.",
      "Для элементов первых 4 периодов на внешнем слое не более 8 электронов.",
      "Номер группы = число электронов на внешнем слое (для элементов главных подгрупп, первых 20 элементов).",
      "Общее число электронов = порядковый номер элемента (можно проверить себя)."
    ],
    "common_traps_ru": [
      "Не путать период (число слоёв) и группу (электроны на внешнем слое).",
      "Проверка: сумма всех электронов должна давать порядковый номер существующего элемента.",
      "Для элементов побочных подгрупп (с 21) правило «внешний слой = группа» не работает, но в ОГЭ обычно дают первые 20."
    ],
    "variability_ru": "Меняется элемент (первые 20 элементов). Распределение всегда однозначно определяет элемент."
  },
  {
    "task_number": 3,
    "title_ru": "Закономерности изменения свойств в периоде/группе",
    "topic_ru": "Расположить элементы в порядке возрастания/убывания свойства",
    "answer_format": "sequence (расставить 3 элемента)",
    "algorithm_ru": [
      "Определите, какое свойство нужно упорядочить (неметаллические свойства, металлические свойства, электроотрицательность, радиус атома).",
      "Найдите все 3 элемента в периодической таблице.",
      "Если элементы в одном периоде: слева направо усиливаются неметаллические свойства, ослабевают металлические, уменьшается радиус.",
      "Если элементы в одной группе: сверху вниз усиливаются металлические свойства, ослабевают неметаллические, увеличивается радиус.",
      "Если элементы расположены по диагонали — комбинируйте оба правила.",
      "Расставьте номера в нужном порядке."
    ],
    "key_facts_ru": [
      "В периоде (→): заряд ядра ↑, радиус ↓, ЭО ↑, неметалличность ↑, металличность ↓.",
      "В группе (↓): заряд ядра ↑, радиус ↑, ЭО ↓, неметалличность ↓, металличность ↑.",
      "Электроотрицательность и неметаллические свойства изменяются в одном направлении.",
      "Самый сильный неметалл — F (правый верхний угол, без благородных газов).",
      "Самый сильный металл — Fr (левый нижний угол)."
    ],
    "common_traps_ru": [
      "Внимательно читайте: «увеличение» или «уменьшение» свойства. Запись номеров в обратном порядке — частая ошибка.",
      "Если элементы не в одном периоде/группе (например Si, S, Cl — все в 3 периоде, но Si в IV группе), используйте положение в таблице.",
      "Благородные газы обычно исключены из сравнений неметалличности."
    ],
    "variability_ru": "Меняются элементы (обычно 3 из одного периода или одной группы) и свойство (неметалличность, металличность, радиус, ЭО)."
  },
  {
    "task_number": 4,
    "title_ru": "Степени окисления элемента в соединениях",
    "topic_ru": "Определение степени окисления по формуле вещества",
    "answer_format": "matching (А,Б,В → 1-4)",
    "algorithm_ru": [
      "Для каждого вещества (А, Б, В) определите степень окисления указанного элемента.",
      "Используйте правила: O всегда −2 (кроме OF₂, пероксидов), H = +1 (в кислотах, с неметаллами), H = −1 (в гидридах металлов).",
      "Металлы I группы: +1, II группы: +2.",
      "Сумма всех степеней окисления в молекуле = 0, в ионе = заряд иона.",
      "Составьте уравнение и найдите неизвестную СО.",
      "Сопоставьте полученные значения с вариантами ответа."
    ],
    "key_facts_ru": [
      "F всегда −1. O почти всегда −2 (исключения: OF₂ → O = +2, пероксиды → O = −1).",
      "H = +1 в большинстве соединений, −1 в гидридах (NaH, CaH₂).",
      "Сумма СО всех атомов = 0 в нейтральной молекуле.",
      "Простое вещество: СО = 0 (Na⁰, Cl₂⁰).",
      "В кислородных кислотах: H = +1, O = −2, находим СО центрального атома."
    ],
    "common_traps_ru": [
      "OF₂: здесь кислород +2, а не −2 (фтор сильнее).",
      "Различайте NH₄Br (Br = −1, в соли) и KBrO₃ (Br = +5, бромат).",
      "Не забывайте учитывать количество атомов: в KBrO₄ → K(+1) + Br(x) + 4×O(−2) = 0, значит x = +7.",
      "Степень окисления — не валентность! СО может быть отрицательной."
    ],
    "variability_ru": "Меняется элемент (Br, S, N, Cl, Mn, Cr, P) и набор соединений. Всегда 3 вещества → 4 варианта СО."
  },
  {
    "task_number": 5,
    "title_ru": "Типы химической связи",
    "topic_ru": "Определение типа связи в веществах",
    "answer_format": "select (2 из 5)",
    "algorithm_ru": [
      "Определите тип каждого вещества: металл, неметалл в виде простого вещества, бинарное соединение, ионное соединение.",
      "Металлическая связь: между атомами металла (Na, Fe, Cu).",
      "Ковалентная неполярная: между одинаковыми неметаллами (H₂, O₂, N₂, Cl₂, P₄, S₈).",
      "Ковалентная полярная: между разными неметаллами (NH₃, H₂O, HCl, CO₂, PBr₃).",
      "Ионная связь: между металлом и неметаллом (NaCl, MgF₂, CaO), или NH₄⁺ с анионом.",
      "Выберите 2 вещества с заданным типом связи."
    ],
    "key_facts_ru": [
      "Ковалентная полярная — самый частый тип в ОГЭ: любые два РАЗНЫХ неметалла.",
      "NH₄Cl — ионная связь (NH₄⁺ и Cl⁻), но внутри NH₄⁺ — ковалентная полярная.",
      "Инертные газы (He, Ne, Ar) — нет химической связи (одноатомные).",
      "Разность ЭО > 1.7 → ионная связь (условно)."
    ],
    "common_traps_ru": [
      "MgF₂ — ионная, не ковалентная (Mg — металл!).",
      "CO — ковалентная полярная (оба неметалла, но разные).",
      "HF — ковалентная полярная (не ионная, хотя ΔЭО высокая — по школьной программе это ковалентная полярная).",
      "Алмаз (C), графит — ковалентная неполярная (один элемент)."
    ],
    "variability_ru": "Меняется тип связи (ковалентная полярная/неполярная, ионная, металлическая) и набор 5 веществ."
  },
  {
    "task_number": 6,
    "title_ru": "Общие свойства элементов одного периода/группы",
    "topic_ru": "Закономерности в ПС + строение атома",
    "answer_format": "select (2 из 5)",
    "algorithm_ru": [
      "Определите, что общего у данных элементов (обычно 2–3 элемента одного периода или группы).",
      "Проверьте каждое утверждение:",
      "— Одинаковое число протонов? → Нет (разные элементы).",
      "— Одинаковое число электронных слоёв? → Да, если в одном периоде.",
      "— Одинаковое число внешних электронов? → Да, если в одной группе.",
      "— Все неметаллы / металлы? → Проверьте по положению в ПС.",
      "— Высшие оксиды одного типа? → Зависит от группы.",
      "Выберите 2 верных утверждения."
    ],
    "key_facts_ru": [
      "Элементы одного периода: одинаковое число электронных слоёв.",
      "Элементы одной группы: одинаковое число электронов на внешнем слое.",
      "B, C, N — 2-й период, все неметаллы (бор в контексте ОГЭ считается неметаллом).",
      "Li, Na, K — 1 группа, все активные металлы, все образуют щёлочи.",
      "N может проявлять отрицательные СО (−3 в NH₃), в отличие от многих неметаллов."
    ],
    "common_traps_ru": [
      "«Одинаковое число протонов» — нет! Это разные элементы.",
      "«Только положительные степени окисления» — неверно для многих неметаллов (N: −3, S: −2).",
      "Фтор НЕ проявляет положительных СО (самый электроотрицательный).",
      "Высшие оксиды элементов одного периода — разных типов (Na₂O основный, SO₃ кислотный)."
    ],
    "variability_ru": "Меняются элементы (пара/тройка из одного периода или группы) и набор утверждений."
  },
  {
    "task_number": 7,
    "title_ru": "Классификация неорганических веществ",
    "topic_ru": "Выбор веществ определённых классов из списка",
    "answer_format": "select (2 из 5, ordered)",
    "algorithm_ru": [
      "Внимательно прочитайте, какие два класса нужно найти и в каком порядке записать.",
      "Классифицируйте каждое вещество из списка:",
      "— Оксид: два элемента, один — кислород. Основный (металл с низкой СО), кислотный (неметалл), амфотерный (Al₂O₃, ZnO, Cr₂O₃, BeO), несолеобразующий (CO, NO, N₂O).",
      "— Основание: Me(OH)ₙ. Щёлочь (растворимое), нерастворимое основание, амфотерный гидроксид (Al(OH)₃, Zn(OH)₂, Be(OH)₂, Cr(OH)₃).",
      "— Кислота: HₙA. Сильные (HCl, HNO₃, H₂SO₄) и слабые (H₂CO₃, H₂S, H₂SiO₃).",
      "— Соль: катион металла + анион кислотного остатка.",
      "Запишите сначала номер первого класса, потом второго (порядок важен!)."
    ],
    "key_facts_ru": [
      "Амфотерные оксиды: Al₂O₃, ZnO, BeO, Cr₂O₃, Fe₂O₃ (спорно), PbO.",
      "Амфотерные гидроксиды: Al(OH)₃, Zn(OH)₂, Be(OH)₂, Cr(OH)₃.",
      "OF₂ — НЕ оксид (кислород в +2, фтор в −1). Это фторид кислорода.",
      "N₂O, NO, CO — несолеобразующие оксиды.",
      "FeO — основный оксид (Fe²⁺), Fe₂O₃ — условно амфотерный (но в ОГЭ часто считают основным)."
    ],
    "common_traps_ru": [
      "ПОРЯДОК ВАЖЕН! Сначала номер того класса, который указан первым в задании.",
      "OF₂ — не оксид! (частая ловушка).",
      "Mg(OH)₂ — основание, но НЕ амфотерный гидроксид.",
      "N₂O — несолеобразующий оксид, а не кислотный."
    ],
    "variability_ru": "Меняются пары классов (основный оксид + амфотерный гидроксид, кислота + основная соль и др.) и набор 5 веществ. Формат менялся по годам: раньше — одно вещество из 4."
  },
  {
    "task_number": 8,
    "title_ru": "Химические свойства веществ / типы реакций",
    "topic_ru": "Реагирует ли данное вещество с перечисленными",
    "answer_format": "select (2 из 5)",
    "algorithm_ru": [
      "Определите класс данного вещества (металл, неметалл, оксид, кислота, основание, соль).",
      "Для каждого варианта проверьте, идёт ли реакция:",
      "— Металл + кислота → соль + H₂ (если металл левее H в ряду активности).",
      "— Кислота + основание → соль + H₂O (нейтрализация).",
      "— Кислота + соль → новая кислота + новая соль (если есть осадок/газ/вода).",
      "— Оксид основный + кислота → соль + H₂O.",
      "— Оксид кислотный + основание → соль + H₂O.",
      "Если реакция не идёт (нет движущей силы), это один из ответов (если вопрос — «не реагируют»)."
    ],
    "key_facts_ru": [
      "Движущие силы реакций: образование осадка ↓, газа ↑, воды, слабого электролита.",
      "Ряд активности: Li K Ca Na Mg Al Zn Fe Ni Sn Pb (H₂) Cu Hg Ag Pt Au.",
      "Cu, Ag, Au — не реагируют с разбавленными кислотами (правее H).",
      "SiO₂ не реагирует с водой (нерастворимый оксид).",
      "CO — не реагирует с большинством веществ при обычных условиях."
    ],
    "common_traps_ru": [
      "Обращайте внимание: «не вступают» (ищем тех, кто НЕ реагирует) или «вступают» (ищем тех, кто реагирует).",
      "Na₂SO₄ — стабильная соль, с большинством неметаллов не реагирует.",
      "HNO₃ (конц.) — сильный окислитель, реагирует даже с Cu и некоторыми неметаллами.",
      "Щелочные металлы (Na, K) не вытесняют менее активные металлы из растворов — они реагируют с водой."
    ],
    "variability_ru": "Меняется вещество (фосфор, цинк, оксид кальция, серная кислота...) и перечень 5 реагентов. Вопрос может быть «реагирует» или «не реагирует»."
  },
  {
    "task_number": 9,
    "title_ru": "Реагенты → продукты (реакции обмена)",
    "topic_ru": "Соответствие реагентов и продуктов реакции",
    "answer_format": "matching (А,Б,В → 1-5)",
    "algorithm_ru": [
      "Для каждой пары реагентов (А, Б, В) определите тип реакции и напишите продукты.",
      "Обмен: AB + CD → AD + CB (катионы и анионы меняются местами).",
      "Замещение: A + BC → AC + B (активный металл вытесняет менее активный).",
      "Соединение: A + B → AB.",
      "Разложение: AB → A + B.",
      "Обратите внимание на валентность металла в продуктах (Fe²⁺ или Fe³⁺ зависит от реагента).",
      "Найдите продукты в правом столбце."
    ],
    "key_facts_ru": [
      "Fe с разбавленными кислотами → Fe²⁺ (FeSO₄, FeCl₂).",
      "Fe₂O₃ + кислота → Fe³⁺ (Fe₂(SO₄)₃, FeCl₃).",
      "Fe₂(SO₄)₃ + BaCl₂ → FeCl₃ + BaSO₄↓ (обмен, сохраняется Fe³⁺).",
      "При обмене: проверьте, что соблюдается баланс зарядов ионов.",
      "Основный оксид + кислота → соль + вода."
    ],
    "common_traps_ru": [
      "Fe²⁺ vs Fe³⁺ — главная ловушка! Fe с кислотой → Fe²⁺, но Fe₂O₃ с кислотой → Fe³⁺.",
      "Лишний вариант в правом столбце — не все варианты используются.",
      "Не путайте FeSO₄ (Fe²⁺) и Fe₂(SO₄)₃ (Fe³⁺).",
      "BaSO₄ — осадок, нерастворим в кислотах."
    ],
    "variability_ru": "Меняются пары реагентов. Часто задействованы соединения Fe, Cu, Ba. Всегда 3 пары → 4-5 вариантов продуктов."
  },
  {
    "task_number": 10,
    "title_ru": "Вещество → пара реагентов",
    "topic_ru": "Подбор пары реагентов, с каждым из которых реагирует вещество",
    "answer_format": "matching (А,Б,В → 1-4)",
    "algorithm_ru": [
      "Для каждого вещества (А, Б, В) проверьте, реагирует ли оно с ОБОИМИ веществами в каждом варианте.",
      "Важно: вещество должно реагировать с КАЖДЫМ из двух реагентов в паре.",
      "Определите класс вещества и вспомните его свойства:",
      "— Металл: реагирует с кислотами, с растворами солей менее активных металлов, с кислородом.",
      "— Основание: реагирует с кислотами, кислотными оксидами, амфотерными оксидами/гидроксидами, солями (если осадок).",
      "— Кислотный оксид: реагирует с водой (кроме SiO₂), щелочами, основными оксидами.",
      "— Кислота: реагирует с металлами (выше H), основаниями, основными/амфотерными оксидами, солями (если осадок/газ).",
      "Последовательно проверьте все варианты для каждого вещества."
    ],
    "key_facts_ru": [
      "Al — амфотерный металл: реагирует и с кислотами, и с щелочами.",
      "Ca(OH)₂ реагирует с CO₂ (помутнение известковой воды) и с амфотерными оксидами (Al₂O₃).",
      "SO₃ (кислотный оксид) реагирует с основными оксидами (Na₂O) и с восстановителями (H₂S).",
      "Проверяйте каждый реагент в паре отдельно!"
    ],
    "common_traps_ru": [
      "Ошибка: проверить только первый реагент и забыть проверить второй.",
      "N₂ — очень инертный газ, реагирует с немногими веществами (при высокой T: с Li, Mg, H₂).",
      "CaO реагирует с водой и кислотами, но НЕ реагирует с основными оксидами.",
      "Амфотерные вещества реагируют и с кислотами, и с щелочами — используйте это."
    ],
    "variability_ru": "Меняются 3 вещества (металл, основание, оксид и т.д.) и 4 пары реагентов. Ключ: свойства каждого класса."
  },
  {
    "task_number": 11,
    "title_ru": "Типы реакций, условия и признаки",
    "topic_ru": "Реакция обмена / замещения / разложения / соединения",
    "answer_format": "select (2 из 5)",
    "algorithm_ru": [
      "Для каждой пары веществ определите тип реакции:",
      "— Обмен: два сложных вещества обмениваются частями (AB + CD → AD + CB). Нейтрализация — разновидность.",
      "— Замещение: простое + сложное → новое простое + новое сложное (A + BC → AC + B).",
      "— Соединение: из нескольких → одно.",
      "— Разложение: из одного → несколько.",
      "Проверьте, что реакция действительно идёт (есть движущая сила).",
      "Выберите пары, соответствующие заданному типу."
    ],
    "key_facts_ru": [
      "Нейтрализация (кислота + основание → соль + вода) — это реакция обмена.",
      "Br₂ + 2KI → 2KBr + I₂ — замещение (галоген вытесняет другой).",
      "Zn + H₂SO₄ → ZnSO₄ + H₂↑ — замещение (не обмен!).",
      "Экзо/эндотермические: горение — экзо, разложение обычно — эндо.",
      "Каталитические: разложение H₂O₂ (кат. MnO₂)."
    ],
    "common_traps_ru": [
      "Металл + кислота — это ЗАМЕЩЕНИЕ, не обмен (хотя внешне похоже).",
      "NaOH + Al — нестандартная реакция (Al + NaOH + H₂O → Na[Al(OH)₄] + H₂↑), не обмен и не простое замещение.",
      "Не всякая пара реагирует: Na₂SO₄ + KCl → не идёт (нет осадка/газа/воды)."
    ],
    "variability_ru": "Меняется заданный тип реакции (обмен/замещение/разложение/соединение) и набор 5 пар веществ."
  },
  {
    "task_number": 12,
    "title_ru": "Признаки протекающих реакций",
    "topic_ru": "Соответствие реагентов и наблюдаемого признака",
    "answer_format": "matching (А,Б,В → 1-4)",
    "algorithm_ru": [
      "Для каждой пары реагентов напишите уравнение реакции.",
      "Определите, что наблюдается: осадок (↓), газ (↑), изменение цвета, растворение.",
      "Ключ — запомнить цвета осадков и свойства газов:",
      "— Белый осадок: BaSO₄, AgCl, CaCO₃, Mg(OH)₂.",
      "— Голубой: Cu(OH)₂.",
      "— Бурый: Fe(OH)₃.",
      "— Чёрный: CuS, PbS, FeS.",
      "— Желеобразный бесцветный: H₂SiO₃.",
      "— Газ без запаха: CO₂, H₂, O₂.",
      "— Газ с запахом: H₂S (тухлые яйца), NH₃ (резкий), SO₂ (едкий).",
      "Сопоставьте наблюдения с вариантами."
    ],
    "key_facts_ru": [
      "Cu(OH)₂ — голубой осадок (из CuSO₄ + NaOH или Cu²⁺ + OH⁻).",
      "Fe(OH)₃ — бурый осадок.",
      "Fe(OH)₂ — белый, на воздухе быстро буреет (окисление до Fe(OH)₃).",
      "AgCl — белый творожистый, темнеет на свету.",
      "BaSO₄ — белый, нерастворим в кислотах.",
      "H₂SiO₃ — бесцветный желеобразный осадок.",
      "CuS — чёрный осадок, нерастворим даже в кислотах."
    ],
    "common_traps_ru": [
      "Не путайте: «белый осадок» — это и AgCl, и BaSO₄, и CaCO₃, и Mg(OH)₂. Важно какой ИМЕННО.",
      "NH₃ — газ с резким запахом (из NH₄⁺ + OH⁻).",
      "H₂S — газ с запахом тухлых яиц.",
      "CO₂ — бесцветный газ БЕЗ запаха."
    ],
    "variability_ru": "Меняются 3 пары реагентов и 4 варианта признаков. Набор основан на качественных реакциях из программы ОГЭ."
  },
  {
    "task_number": 13,
    "title_ru": "Электролиты и неэлектролиты",
    "topic_ru": "Классификация веществ по способности к диссоциации",
    "answer_format": "select (2 из 5)",
    "algorithm_ru": [
      "Определите для каждого вещества: электролит или неэлектролит.",
      "Электролиты (диссоциируют в растворе/расплаве): все растворимые соли, сильные кислоты, щёлочи.",
      "Неэлектролиты: простые вещества (металлы, неметаллы), оксиды, большинство органических веществ, вода (слабо).",
      "Отдельный подтип: подсчёт числа ионов при диссоциации.",
      "Na₂SO₄ → 2Na⁺ + SO₄²⁻ → 3 иона. CaCl₂ → Ca²⁺ + 2Cl⁻ → 3 иона.",
      "Выберите вещества по заданному критерию."
    ],
    "key_facts_ru": [
      "Сильные кислоты: HCl, HBr, HI, HNO₃, H₂SO₄, HClO₄.",
      "Слабые кислоты: H₂CO₃, H₂S, CH₃COOH, HF, H₃PO₄, H₂SiO₃.",
      "Щёлочи (растворимые основания): NaOH, KOH, Ca(OH)₂, Ba(OH)₂.",
      "Нерастворимые основания НЕ являются электролитами в водном растворе (не растворяются).",
      "CH₄, CO, CO₂, SiO₂ — неэлектролиты.",
      "Подсчёт ионов: учитывайте индексы в формуле."
    ],
    "common_traps_ru": [
      "CO — неэлектролит (оксид, не растворяется с образованием ионов).",
      "HF — СЛАБАЯ кислота (исключение среди галогеноводородов).",
      "H₂O — очень слабый электролит (обычно считается неэлектролитом в ОГЭ).",
      "Al₂(SO₄)₃ → 2Al³⁺ + 3SO₄²⁻ → 5 ионов (не 6! считаем формульные единицы)."
    ],
    "variability_ru": "Три подтипа: (1) выбрать электролиты/неэлектролиты, (2) выбрать сильные/слабые электролиты, (3) выбрать вещества с заданным числом ионов при диссоциации."
  },
  {
    "task_number": 14,
    "title_ru": "Ионные уравнения реакций",
    "topic_ru": "Подбор веществ к сокращённому ионному уравнению",
    "answer_format": "select (2 из 6)",
    "algorithm_ru": [
      "Прочитайте сокращённое ионное уравнение (например, H⁺ + OH⁻ = H₂O).",
      "Определите, какие исходные вещества нужны: одно содержит катион/анион из левой части, другое — второй ион.",
      "Правило: вещество пишется в виде ионов, только если оно СИЛЬНЫЙ электролит И РАСТВОРИМО.",
      "Для H⁺ + OH⁻ = H₂O нужны: сильная кислота + растворимая щёлочь, при этом соль тоже должна быть растворима.",
      "Проверьте: слабые кислоты (H₂S, H₂CO₃, CH₃COOH) пишутся целиком (не диссоциируют полностью).",
      "Нерастворимые вещества (Cu(OH)₂, BaSO₄, CaCO₃) тоже пишутся целиком.",
      "Выберите 2 вещества из списка."
    ],
    "key_facts_ru": [
      "H⁺ + OH⁻ = H₂O — реакция сильной кислоты с растворимой щёлочью (соль растворима).",
      "CO₃²⁻ + 2H⁺ = H₂O + CO₂ — карбонат записан как ион → он РАСТВОРИМ (Na₂CO₃, K₂CO₃).",
      "CaCO₃ — нерастворим, поэтому не подходит к уравнению с CO₃²⁻.",
      "NaHCO₃ — гидрокарбонат (HCO₃⁻), а не карбонат (CO₃²⁻).",
      "H₂SO₄ + Ba(OH)₂ → BaSO₄↓ — ионное уравнение другое: SO₄²⁻ + Ba²⁺ = BaSO₄↓."
    ],
    "common_traps_ru": [
      "H₂S — слабая кислота, НЕ пишется как H⁺ + S²⁻ в ионных уравнениях.",
      "H₂SO₄ + Ba(OH)₂: образуется BaSO₄↓ — осадок, ионное уравнение НЕ будет H⁺ + OH⁻ = H₂O.",
      "Al(OH)₃ — нерастворимый гидроксид, не пишется как OH⁻.",
      "Mg(OH)₂ — нерастворим, не подходит как источник OH⁻."
    ],
    "variability_ru": "Меняется сокращённое ионное уравнение (H⁺+OH⁻=H₂O, CO₃²⁻+2H⁺=H₂O+CO₂, S²⁻+2H⁺=H₂S, Ba²⁺+SO₄²⁻=BaSO₄↓) и набор 6 веществ."
  },
  {
    "task_number": 15,
    "title_ru": "Окислитель и восстановитель в ОВР",
    "topic_ru": "Определение окисления/восстановления по схеме изменения СО",
    "answer_format": "matching (А,Б,В → 1-2 или А,Б → 1-3)",
    "algorithm_ru": [
      "Подтип 1 (схемы): Для каждой схемы (А, Б, В) определите, увеличивается или уменьшается СО элемента.",
      "СО увеличивается → элемент ОТДАЁТ электроны → ОКИСЛЕНИЕ (восстановитель).",
      "СО уменьшается → элемент ПРИНИМАЕТ электроны → ВОССТАНОВЛЕНИЕ (окислитель).",
      "Подтип 2 (вещества): Дана реакция. Определите СО элементов до и после реакции.",
      "Вещество, содержащее элемент с повышающейся СО → восстановитель.",
      "Вещество, содержащее элемент с понижающейся СО → окислитель.",
      "Мнемоника: «Отдал — Восстановитель» (ОВ)."
    ],
    "key_facts_ru": [
      "Окисление = отдача электронов = повышение СО.",
      "Восстановление = принятие электронов = понижение СО.",
      "Окислитель принимает e⁻, восстановитель отдаёт e⁻.",
      "В реакции Cu + HNO₃: Cu⁰→Cu²⁺ (восстановитель), N⁺⁵→N⁺² (окислитель).",
      "Простые вещества-металлы — всегда восстановители."
    ],
    "common_traps_ru": [
      "Не путать: окислитель ВОССТАНАВЛИВАЕТСЯ (его СО уменьшается), восстановитель ОКИСЛЯЕТСЯ.",
      "HNO₃ в реакции с Cu — окислитель (N⁺⁵→N⁺²), хотя H в HNO₃ не меняет СО.",
      "N₂⁰ → 2N⁻³: СО уменьшается → восстановление.",
      "Если элемент и окисляется, и восстанавливается — это диспропорционирование (редко в ОГЭ)."
    ],
    "variability_ru": "Два подтипа: (1) 3 схемы изменения СО → окисление/восстановление; (2) реакция → роль каждого вещества (окислитель/восстановитель/и то, и другое)."
  },
  {
    "task_number": 16,
    "title_ru": "Лабораторная практика / разделение смесей / загрязнение",
    "topic_ru": "Верные суждения о практических вопросах химии",
    "answer_format": "select (1-3 из 4)",
    "algorithm_ru": [
      "Прочитайте все 4 суждения. Определите тему: безопасность в лаборатории, разделение смесей, или экология/загрязнение.",
      "Для каждого суждения определите, верно ли оно:",
      "— Правила ТБ: нельзя пробовать на вкус, нюхать осторожно (направляя), кислоту на кожу — промыть + сода.",
      "— Разделение: фильтрование (нерастворимые частицы), выпаривание (растворённые), перегонка (разные T кипения), магнит (Fe), делительная воронка (несмешивающиеся жидкости).",
      "— Экология: парниковый эффект (CO₂), кислотные дожди (SO₂, NO₂), озоновый слой (фреоны).",
      "Количество верных суждений может быть 1, 2 или 3."
    ],
    "key_facts_ru": [
      "Чугун, бронза, сталь — сплавы = смеси.",
      "Дистиллированная вода, лёд — чистые вещества.",
      "Фильтрование НЕ отделяет растворённые соли (нужно выпаривание или перегонка).",
      "Перегонка — физический метод (не химический).",
      "Кислоту льют в воду (не воду в кислоту!)."
    ],
    "common_traps_ru": [
      "Задание 16 — ПЕРЕМЕННОЕ число верных ответов (от 1 до 3)! Запишите ВСЕ верные.",
      "«Фильтрованием можно очистить морскую воду от солей» — НЕВЕРНО (соли растворены).",
      "«Перегонка — химический метод» — НЕВЕРНО (физический).",
      "«ЛВЖ хранят только в холодильнике» — неточно (вдали от огня, но не обязательно холодильник)."
    ],
    "variability_ru": "Три основные темы: (1) безопасность в лаборатории, (2) разделение смесей, (3) загрязнение среды. Каждый вариант — одна тема. Число верных от 1 до 3."
  },
  {
    "task_number": 17,
    "title_ru": "Различение веществ с помощью реактивов",
    "topic_ru": "Подбор реактива для распознавания пары веществ",
    "answer_format": "matching (А,Б,В → 1-4)",
    "algorithm_ru": [
      "Для каждой пары веществ (А, Б, В) нужно найти реактив, который даёт РАЗНЫЕ результаты с этими двумя веществами.",
      "Алгоритм проверки: реактив + вещество 1 → эффект 1 (осадок/газ/ничего). Реактив + вещество 2 → эффект 2.",
      "Если эффекты разные — реактив различает.",
      "Основные качественные реактивы: AgNO₃ (на Cl⁻, Br⁻, I⁻), BaCl₂ (на SO₄²⁻), щёлочь KOH/NaOH (на катионы: Cu²⁺, Fe³⁺, Mg²⁺, NH₄⁺), кислоты (на CO₃²⁻), лакмус/индикатор (кислота vs нейтральный).",
      "Подберите реактив из предложенных вариантов."
    ],
    "key_facts_ru": [
      "AgNO₃: с Cl⁻ → AgCl↓ (белый), с F⁻ → растворим (нет осадка), с Br⁻ → AgBr↓ (желтоватый), с I⁻ → AgI↓ (жёлтый).",
      "BaCl₂/Ba(NO₃)₂: с SO₄²⁻ → BaSO₄↓ (белый).",
      "KOH/NaOH: с Cu²⁺ → Cu(OH)₂↓ (голубой), с Fe³⁺ → Fe(OH)₃↓ (бурый), с Mg²⁺ → Mg(OH)₂↓ (белый), с NH₄⁺ → NH₃↑ (запах).",
      "Кислота: с CO₃²⁻ → CO₂↑ (пузырьки).",
      "BaCO₃ реагирует с кислотами (растворяется + CO₂), но не с нейтральными солями."
    ],
    "common_traps_ru": [
      "AgF — растворим! AgNO₃ НЕ различает F⁻ осадком (но различает F⁻ от Cl⁻: с KF нет осадка, с KCl — есть).",
      "Лишний реактив в правом столбце — не все используются.",
      "FeO — нерастворим, не реагирует с растворами солей.",
      "KOH различает NH₄Cl от других солей (выделение NH₃ с запахом)."
    ],
    "variability_ru": "Меняются 3 пары веществ и 4 реактива. Пары часто включают соли одного аниона с разными катионами или наоборот."
  },
  {
    "task_number": 18,
    "title_ru": "Расчёт массовой доли элемента",
    "topic_ru": "Вычисление ω(элемента) в соединении",
    "answer_format": "numeric (целое число)",
    "algorithm_ru": [
      "Запишите формулу вещества из условия задачи.",
      "Вычислите молярную массу M: сумма атомных масс всех атомов.",
      "M = Σ(Aᵢ × nᵢ), где Aᵢ — атомная масса, nᵢ — число атомов элемента.",
      "Вычислите массовую долю: ω(X) = (A(X) × n(X)) / M × 100%.",
      "Округлите до целых.",
      "Важно: внимательно считайте число атомов, особенно в формулах с несколькими скобками."
    ],
    "key_facts_ru": [
      "Атомные массы (округлённые): H=1, C=12, N=14, O=16, Na=23, Mg=24, Al=27, P=31, S=32, Cl=35.5, K=39, Ca=40, Fe=56, Cu=64, Zn=65, Ag=108, Ba=137.",
      "В формуле Mg₃(C₆H₅O₇)₂: 3 атома Mg, 2×6=12 атомов C, 2×5=10 атомов H, 2×7=14 атомов O.",
      "Проверка: ω всех элементов в сумме ≈ 100%."
    ],
    "common_traps_ru": [
      "Не забывайте индекс за скобкой: (OH)₂ → 2 атома O и 2 атома H.",
      "Ca(NO₃)₂: N = 2×1 = 2 атома, O = 2×3 = 6 атомов.",
      "Mg₃(C₆H₅O₇)₂: индекс 2 умножает ВСЁ внутри скобок.",
      "Округление: 24.39% → 24%, но 24.5% → тоже 24 или 25 (следите за «с точностью до целых» — математическое округление)."
    ],
    "variability_ru": "Меняется вещество (от простых NaCl, CaCO₃ до сложных как Mg₃(C₆H₅O₇)₂). Контекст — практическое применение вещества. Задания 18 и 19 связаны общим контекстом."
  },
  {
    "task_number": 19,
    "title_ru": "Практический расчёт по массовой доле",
    "topic_ru": "Применение ω(элемента) к конкретной задаче",
    "answer_format": "numeric (десятые)",
    "algorithm_ru": [
      "Используйте массовую долю, вычисленную в задании 18.",
      "Типовая задача: «В N граммах вещества содержится X граммов элемента. Найти X.»",
      "Формула: m(элемента) = m(вещества) × ω(элемента).",
      "Или обратная: m(вещества) = m(элемента) / ω(элемента).",
      "Запишите ответ с точностью до десятых.",
      "Допуск при проверке: ±0.05 (например, 1.6 принимается как верный ответ при эталоне 1.6)."
    ],
    "key_facts_ru": [
      "ω используется как десятичная дробь в формулах: 16% = 0.16.",
      "m(X) = m(вещества) × ω(X) — масса элемента в данной порции.",
      "m(вещества) = m(X) / ω(X) — масса вещества, содержащего заданную массу элемента.",
      "Задания 18 и 19 всегда связаны: результат 18 используется в 19."
    ],
    "common_traps_ru": [
      "Не забудьте перевести проценты в десятичную дробь: 16% → 0.16.",
      "Если задание просит «сколько кг руды», а ω дано для элемента в чистом соединении — руда может быть не 100% чистой (но в ОГЭ обычно считают 100%).",
      "Проверяйте единицы: если масса в граммах, ответ тоже в граммах.",
      "Точность «до десятых»: 1.6 г, не 1.60 г или 2 г."
    ],
    "variability_ru": "Связано с заданием 18. Контекст: медицина, сельское хозяйство, промышленность. Формула та же, меняются числа."
  }
]
