[
  {
    "id": "driver:heat",
    "type": "energy_driver",
    "name_i18n_key": "driver.heat.name",
    "tags": [
      "thermal"
    ]
  },
  {
    "id": "driver:electric_current",
    "type": "energy_driver",
    "name_i18n_key": "driver.electric_current.name",
    "tags": [
      "electro"
    ]
  },
  {
    "id": "driver:chemical_reagent",
    "type": "energy_driver",
    "name_i18n_key": "driver.chemical_reagent.name",
    "tags": [
      "chemical"
    ]
  },
  {
    "id": "driver:light",
    "type": "energy_driver",
    "name_i18n_key": "driver.light.name",
    "tags": [
      "photo"
    ]
  }
]