{
  "bond_types": [
    {
      "id": "ionic",
      "name_ru": "Ионная связь",
      "description_ru": "Связь между металлом и неметаллом за счёт переноса электронов. Образуются ионы: катион (+) и анион (−).",
      "rule_ru": "Δχ ≥ 1,7 или металл + неметалл с высокой разностью электроотрицательностей",
      "examples": ["NaCl", "KBr", "CaO", "MgF2"],
      "properties_ru": "Высокие температуры плавления, хрупкие, проводят ток в расплаве и растворе"
    },
    {
      "id": "covalent_polar",
      "name_ru": "Ковалентная полярная связь",
      "description_ru": "Связь между разными неметаллами за счёт общих электронных пар. Электронная плотность смещена к более электроотрицательному атому (δ+, δ−).",
      "rule_ru": "0,4 < Δχ < 1,7 (оба — неметаллы)",
      "examples": ["HCl", "H2O", "NH3", "CO2"],
      "properties_ru": "Различные т.пл., часто жидкости или газы, не проводят ток"
    },
    {
      "id": "covalent_nonpolar",
      "name_ru": "Ковалентная неполярная связь",
      "description_ru": "Связь между одинаковыми неметаллами за счёт общих электронных пар. Электронная плотность распределена симметрично.",
      "rule_ru": "Δχ ≤ 0,4 (одинаковые или очень близкие неметаллы)",
      "examples": ["H2", "O2", "N2", "Cl2", "F2"],
      "properties_ru": "Низкие т.пл., газы или легкокипящие жидкости, не проводят ток"
    },
    {
      "id": "metallic",
      "name_ru": "Металлическая связь",
      "description_ru": "Связь в металлах: атомы отдают валентные электроны в общее «электронное облако», которое удерживает положительные ионы в решётке.",
      "rule_ru": "Простое вещество металла или сплав (оба — металлы)",
      "examples": ["Fe", "Cu", "Na", "Al"],
      "properties_ru": "Электро- и теплопроводность, пластичность, металлический блеск"
    }
  ],
  "crystal_structures": [
    {
      "id": "ionic",
      "name_ru": "Ионная решётка",
      "bond_type": "ionic",
      "description_ru": "В узлах — чередующиеся катионы и анионы, удерживаемые электростатическим притяжением.",
      "properties": {
        "melting_point_ru": "Высокая (800–3000 °C)",
        "hardness_ru": "Твёрдые, хрупкие",
        "conductivity_ru": "В расплаве и растворе",
        "solubility_ru": "Часто растворимы в воде"
      },
      "examples": ["NaCl", "KBr", "CaO"]
    },
    {
      "id": "molecular",
      "name_ru": "Молекулярная решётка",
      "bond_type": "covalent_polar",
      "description_ru": "В узлах — молекулы, связанные слабыми межмолекулярными силами (Ван-дер-Ваальса, водородные связи).",
      "properties": {
        "melting_point_ru": "Низкая (< 300 °C)",
        "hardness_ru": "Мягкие",
        "conductivity_ru": "Не проводят ток",
        "solubility_ru": "По-разному"
      },
      "examples": ["H2O (лёд)", "CO2 (сухой лёд)", "I2", "сахар"]
    },
    {
      "id": "atomic",
      "name_ru": "Атомная решётка",
      "bond_type": "covalent_nonpolar",
      "description_ru": "В узлах — атомы, связанные прочными ковалентными связями по всему кристаллу.",
      "properties": {
        "melting_point_ru": "Очень высокая (> 1500 °C)",
        "hardness_ru": "Очень твёрдые",
        "conductivity_ru": "Не проводят (кроме графита)",
        "solubility_ru": "Нерастворимы"
      },
      "examples": ["Алмаз (C)", "Кремний (Si)", "Кварц (SiO₂)"]
    },
    {
      "id": "metallic",
      "name_ru": "Металлическая решётка",
      "bond_type": "metallic",
      "description_ru": "В узлах — ионы металла, между ними — свободные электроны (электронный газ).",
      "properties": {
        "melting_point_ru": "Разная (от −39 °C у Hg до 3422 °C у W)",
        "hardness_ru": "Разная (Na мягкий, W твёрдый)",
        "conductivity_ru": "Высокая",
        "solubility_ru": "Нерастворимы"
      },
      "examples": ["Fe", "Cu", "Al", "Au"]
    }
  ]
}
