{
  "rate_factors": [
    {
      "factor_id": "temperature",
      "name_ru": "Температура",
      "effect_ru": "Повышение температуры увеличивает скорость реакции",
      "detail_ru": "Правило Вант-Гоффа: при повышении на каждые 10 °C скорость возрастает в 2–4 раза. Частицы движутся быстрее и чаще сталкиваются с достаточной энергией.",
      "applies_to": "all"
    },
    {
      "factor_id": "concentration",
      "name_ru": "Концентрация реагентов",
      "effect_ru": "Увеличение концентрации увеличивает скорость реакции",
      "detail_ru": "Больше частиц в единице объёма — чаще столкновения. Для газов: увеличение давления повышает концентрацию.",
      "applies_to": "homogeneous"
    },
    {
      "factor_id": "surface_area",
      "name_ru": "Площадь поверхности",
      "effect_ru": "Измельчение твёрдого вещества увеличивает скорость",
      "detail_ru": "Больше точек контакта между реагентами. Пример: порошок железа реагирует быстрее, чем кусок.",
      "applies_to": "heterogeneous"
    },
    {
      "factor_id": "catalyst",
      "name_ru": "Катализатор",
      "effect_ru": "Снижает энергию активации, ускоряет реакцию",
      "detail_ru": "Катализатор предлагает альтернативный путь реакции с меньшей энергией активации. Сам не расходуется.",
      "applies_to": "all"
    },
    {
      "factor_id": "nature_of_reagents",
      "name_ru": "Природа реагентов",
      "effect_ru": "Разные вещества реагируют с разной скоростью",
      "detail_ru": "Ионные реакции в растворе идут практически мгновенно. Реакции с разрывом ковалентных связей — медленнее.",
      "applies_to": "all"
    }
  ],
  "catalyst_properties": {
    "changes_ru": [
      "Скорость реакции (увеличивает)",
      "Энергия активации (понижает)",
      "Путь реакции (альтернативный механизм)"
    ],
    "does_not_change_ru": [
      "Тепловой эффект реакции (ΔH)",
      "Состав продуктов",
      "Положение химического равновесия",
      "Количество продуктов при полном протекании"
    ]
  },
  "common_catalysts": [
    {
      "catalyst": "MnO₂",
      "name_ru": "оксид марганца(IV)",
      "reaction_ru": "Разложение пероксида водорода: 2H₂O₂ → 2H₂O + O₂↑"
    },
    {
      "catalyst": "V₂O₅",
      "name_ru": "оксид ванадия(V)",
      "reaction_ru": "Окисление SO₂: 2SO₂ + O₂ → 2SO₃ (контактный способ)"
    },
    {
      "catalyst": "Fe",
      "name_ru": "железо (губчатое)",
      "reaction_ru": "Синтез аммиака: N₂ + 3H₂ → 2NH₃ (процесс Габера)"
    },
    {
      "catalyst": "Pt",
      "name_ru": "платина",
      "reaction_ru": "Окисление аммиака: 4NH₃ + 5O₂ → 4NO + 6H₂O"
    }
  ],
  "equilibrium_shifts": [
    {
      "factor": "temperature_increase",
      "shift_ru": "В сторону эндотермической реакции",
      "explanation_ru": "Система поглощает избыточное тепло (принцип Ле Шателье)"
    },
    {
      "factor": "temperature_decrease",
      "shift_ru": "В сторону экзотермической реакции",
      "explanation_ru": "Система стремится выделить тепло для компенсации"
    },
    {
      "factor": "pressure_increase",
      "shift_ru": "В сторону меньшего числа молей газа",
      "explanation_ru": "Система стремится уменьшить давление"
    },
    {
      "factor": "pressure_decrease",
      "shift_ru": "В сторону большего числа молей газа",
      "explanation_ru": "Система стремится увеличить давление"
    },
    {
      "factor": "concentration_reactant_increase",
      "shift_ru": "В сторону продуктов (вправо)",
      "explanation_ru": "Система расходует избыток реагента"
    },
    {
      "factor": "concentration_product_increase",
      "shift_ru": "В сторону реагентов (влево)",
      "explanation_ru": "Система расходует избыток продукта"
    },
    {
      "factor": "catalyst_added",
      "shift_ru": "Не смещает равновесие",
      "explanation_ru": "Катализатор одинаково ускоряет прямую и обратную реакции"
    }
  ],
  "heat_classification": {
    "exothermic_ru": "Экзотермическая реакция — протекает с выделением теплоты (ΔH < 0)",
    "endothermic_ru": "Эндотермическая реакция — протекает с поглощением теплоты (ΔH > 0)",
    "examples_exo_ru": [
      "Горение веществ",
      "Нейтрализация кислот и щелочей",
      "Взаимодействие активных металлов с водой и кислотами",
      "Большинство реакций соединения"
    ],
    "examples_endo_ru": [
      "Разложение веществ при нагревании",
      "Электролиз",
      "Фотосинтез"
    ]
  }
}
