{
  "rules": [
    {
      "id": "simple_substance",
      "order": 0,
      "name_ru": "Простое вещество",
      "rule_ru": "СО элемента в простом веществе = 0",
      "examples": ["Fe\u2070", "O\u2082\u2070", "N\u2082\u2070"]
    },
    {
      "id": "fluorine",
      "order": 1,
      "name_ru": "Фтор",
      "rule_ru": "F всегда имеет СО = \u22121 (самый электроотрицательный элемент)",
      "examples": ["NaF: F\u207b\u00b9", "CF\u2084: F\u207b\u00b9"]
    },
    {
      "id": "group1",
      "order": 2,
      "name_ru": "Щелочные металлы (I группа)",
      "rule_ru": "Li, Na, K, Rb, Cs, Fr \u2014 всегда +1",
      "examples": ["NaCl: Na\u207a\u00b9", "K\u2082O: K\u207a\u00b9"]
    },
    {
      "id": "group2",
      "order": 3,
      "name_ru": "Щёлочноземельные металлы (II группа)",
      "rule_ru": "Be, Mg, Ca, Sr, Ba, Ra \u2014 всегда +2",
      "examples": ["CaO: Ca\u207a\u00b2", "MgCl\u2082: Mg\u207a\u00b2"]
    },
    {
      "id": "aluminum",
      "order": 4,
      "name_ru": "Алюминий",
      "rule_ru": "Al \u2014 всегда +3",
      "examples": ["Al\u2082O\u2083: Al\u207a\u00b3", "AlCl\u2083: Al\u207a\u00b3"]
    },
    {
      "id": "oxygen",
      "order": 5,
      "name_ru": "Кислород",
      "rule_ru": "O обычно \u22122. Исключение: в пероксидах (H\u2082O\u2082, Na\u2082O\u2082) \u2192 \u22121",
      "examples": ["H\u2082O: O\u207b\u00b2", "CO\u2082: O\u207b\u00b2", "H\u2082O\u2082: O\u207b\u00b9"]
    },
    {
      "id": "hydrogen",
      "order": 6,
      "name_ru": "Водород",
      "rule_ru": "H обычно +1. Исключение: в гидридах металлов (NaH, CaH\u2082) \u2192 \u22121",
      "examples": ["H\u2082O: H\u207a\u00b9", "HCl: H\u207a\u00b9", "NaH: H\u207b\u00b9"]
    },
    {
      "id": "algebraic",
      "order": 7,
      "name_ru": "Алгебраический расчёт",
      "rule_ru": "Сумма СО всех атомов в нейтральной молекуле = 0. Зная все СО кроме одного, решаем уравнение.",
      "examples": ["KMnO\u2084: 1\u00d7(+1) + 1\u00d7x + 4\u00d7(\u22122) = 0 \u2192 Mn = +7"]
    }
  ],
  "redox_concepts": {
    "oxidizer_ru": "Окислитель \u2014 атом (элемент), который принимает электроны. Его СО понижается.",
    "reducer_ru": "Восстановитель \u2014 атом (элемент), который отдаёт электроны. Его СО повышается.",
    "mnemonic_ru": "ОВ: Окислитель Восстанавливается (принимает e\u207b, СО\u2193), Восстановитель Окисляется (отдаёт e\u207b, СО\u2191)."
  }
}
