{
  "property_trends": [
    {
      "id": "atomic_radius",
      "title_ru": "Атомный радиус",
      "icon": "↔",
      "trend_period_ru": "Уменьшается слева направо в периоде",
      "trend_group_ru": "Увеличивается сверху вниз в группе",
      "why_period_ru": "При движении слева направо в периоде заряд ядра увеличивается на +1, а электроны добавляются на тот же энергетический уровень. Внутренние электроны экранируют ядро одинаково, но возросший заряд сильнее притягивает внешние электроны, сжимая электронную оболочку. Каждый новый протон «стягивает» орбитали ближе к ядру.",
      "why_group_ru": "При движении вниз по группе добавляется новый энергетический уровень. Хотя заряд ядра тоже растёт, внутренние электроны эффективно экранируют его: каждый заполненный уровень создаёт «щит» между ядром и внешними электронами. В результате внешние электроны находятся дальше от ядра, и атом становится крупнее.",
      "examples_ru": [
        "Li (152 пм) → Be (112) → B (87) → C (77) → N (75) → O (73) → F (71) — радиус уменьшается в 2 раза за период",
        "Li (152 пм) → Na (186) → K (227) → Rb (248) → Cs (265) — радиус растёт с каждым новым уровнем"
      ]
    },
    {
      "id": "ionization_energy",
      "title_ru": "Энергия ионизации",
      "icon": "⚡",
      "trend_period_ru": "Увеличивается слева направо в периоде",
      "trend_group_ru": "Уменьшается сверху вниз в группе",
      "why_period_ru": "Чем меньше атомный радиус и больше заряд ядра при том же числе уровней, тем сильнее ядро удерживает внешний электрон. Поэтому для его отрыва нужно больше энергии. Исключения: у бериллия (2s²) энергия ионизации выше, чем у бора (2s²2p¹), потому что полностью заполненный 2s-подуровень особенно устойчив, а у азота (2p³) выше, чем у кислорода (2p⁴), из-за устойчивости наполовину заполненного 2p-подуровня.",
      "why_group_ru": "С увеличением числа энергетических уровней внешний электрон удаляется от ядра и экранируется внутренними оболочками. Ядро слабее удерживает его — для отрыва нужно меньше энергии. Именно поэтому щелочные металлы внизу группы (Cs, Fr) наиболее легко теряют электрон.",
      "examples_ru": [
        "Na (496 кДж/моль) → Mg (738) → Al (578) → Si (786) → P (1012) → S (1000) → Cl (1251) — общий рост с исключениями",
        "Li (520 кДж/моль) → Na (496) → K (419) → Rb (403) → Cs (376) — последовательное снижение"
      ]
    },
    {
      "id": "electronegativity",
      "title_ru": "Электроотрицательность",
      "icon": "🧲",
      "trend_period_ru": "Увеличивается слева направо в периоде",
      "trend_group_ru": "Уменьшается сверху вниз в группе",
      "why_period_ru": "Электроотрицательность — способность атома притягивать общие электроны в химической связи. При движении по периоду атомный радиус уменьшается, а заряд ядра растёт — ядро сильнее притягивает связывающие электроны. Фтор (ЭО = 4.0) — самый электроотрицательный элемент: малый радиус и 7 валентных электронов, ему не хватает лишь одного для завершения оболочки.",
      "why_group_ru": "При движении вниз по группе радиус атома увеличивается, а экранирование ядра усиливается. Ядро слабее притягивает связывающие электроны. Поэтому фтор (4.0) электроотрицательнее хлора (3.16), а хлор — брома (2.96). Металлы внизу группы (Cs, Fr) имеют минимальную электроотрицательность и легко отдают электроны.",
      "examples_ru": [
        "Шкала Полинга: F (4.0) > O (3.44) > N (3.04) > Cl (3.16) > Br (2.96) > I (2.66)",
        "Металличность и ЭО антикоррелируют: высокая ЭО → неметалл, низкая ЭО → активный металл"
      ]
    },
    {
      "id": "metallic_character",
      "title_ru": "Металлические свойства",
      "icon": "🔩",
      "trend_period_ru": "Ослабевают слева направо в периоде",
      "trend_group_ru": "Усиливаются сверху вниз в группе",
      "why_period_ru": "Металлические свойства определяются способностью атома отдавать электроны. В начале периода — активные металлы (Na, Mg) с 1–2 валентными электронами, которые легко теряются. К середине — переходные металлы. К концу — неметаллы с 5–7 валентными электронами, которым энергетически выгоднее принять электроны, а не отдавать.",
      "why_group_ru": "Чем больше атомный радиус и чем слабее ядро удерживает внешние электроны, тем легче их отдать. Поэтому литий — менее активный металл, чем цезий. Франций — самый активный из всех металлов (теоретически). Аналогично, в подгруппе углерода: C — неметалл, Si и Ge — полуметаллы, Sn и Pb — металлы.",
      "examples_ru": [
        "3 период: Na (металл) → Mg → Al → Si (полуметалл) → P → S → Cl (неметалл)",
        "IA группа: Li → Na → K → Rb → Cs — активность металлов растёт (реакция с водой всё более бурная)"
      ]
    },
    {
      "id": "electron_affinity",
      "title_ru": "Сродство к электрону",
      "icon": "📥",
      "trend_period_ru": "Увеличивается слева направо в периоде (с исключениями)",
      "trend_group_ru": "Уменьшается сверху вниз в группе",
      "why_period_ru": "Атомы с почти заполненной внешней оболочкой (галогены) выделяют максимум энергии при присоединении электрона — им «не хватает» одного электрона для стабильной конфигурации благородного газа. Элементы с наполовину и полностью заполненными подуровнями (N, Be) имеют аномально низкое сродство: добавление электрона нарушает устойчивую симметрию.",
      "why_group_ru": "Хлор (349 кДж/моль) имеет большее сродство к электрону, чем фтор (328 кДж/моль), несмотря на меньшую электроотрицательность — это исключение объясняется тем, что у фтора очень малый радиус, и добавляемый электрон испытывает сильное отталкивание от других электронов на 2p-подуровне. Далее вниз по группе сродство снижается (Br: 325, I: 295).",
      "examples_ru": [
        "Галогены: Cl (349 кДж/моль) > F (328) > Br (325) > I (295) — хлор, а не фтор, лидер",
        "Аномалии: N (0) < O (141) и Be (0) < B (27) — заполненные подуровни сопротивляются лишнему электрону"
      ]
    }
  ],
  "exception_consequences": [
    {
      "id": "cr_consequences",
      "element_Z": 24,
      "symbol": "Cr",
      "title_ru": "Хром: последствия провала электрона",
      "config_change_ru": "4s²3d⁴ → 4s¹3d⁵",
      "consequences_ru": [
        "Хром проявляет степени окисления +2, +3 и +6 (а не только +4, как ожидалось бы).",
        "Наиболее устойчивая степень окисления +3: при потере 3 электронов (1 из 4s и 2 из 3d) остаётся стабильная конфигурация 3d³ с тремя неспаренными электронами.",
        "Cr₂O₃ (оксид хрома III) — очень устойчивое соединение, используется как пигмент и абразив.",
        "В степени окисления +6 (CrO₃, K₂Cr₂O₇) хром — сильный окислитель, так как стремится вернуть электроны и восстановить устойчивую d-конфигурацию."
      ]
    },
    {
      "id": "cu_consequences",
      "element_Z": 29,
      "symbol": "Cu",
      "title_ru": "Медь: последствия провала электрона",
      "config_change_ru": "4s²3d⁹ → 4s¹3d¹⁰",
      "consequences_ru": [
        "Медь проявляет степени окисления +1 и +2 (вместо только +2).",
        "Cu⁺ (потеря единственного 4s-электрона) даёт полностью заполненный 3d¹⁰ — очень устойчивая конфигурация. Соединения Cu(I): Cu₂O, CuCl.",
        "Cu²⁺ (потеря 4s¹ и одного 3d) тоже устойчив, так как 3d⁹ близок к заполненному. CuSO₄ — голубой купорос, самое распространённое соединение меди.",
        "Именно из-за заполненного d-подуровня медь — благородный металл: не реагирует с разбавленными кислотами (водород не вытесняет)."
      ]
    },
    {
      "id": "pd_consequences",
      "element_Z": 46,
      "symbol": "Pd",
      "title_ru": "Палладий: уникальный случай — пустой s-подуровень",
      "config_change_ru": "4d⁸5s² → 4d¹⁰5s⁰",
      "consequences_ru": [
        "Палладий — единственный элемент, у которого оба s-электрона «проваливаются» на d-подуровень.",
        "Основная степень окисления +2: потеря двух d-электронов даёт устойчивую конфигурацию 4d⁸.",
        "Палладий активно используется как катализатор (гидрирование, реакции кросс-сочетания), потому что заполненный d-подуровень может обратимо отдавать и принимать электроны.",
        "Способен поглощать водород в 900 раз больше собственного объёма — электронная структура позволяет атомам водорода внедряться в кристаллическую решётку."
      ]
    },
    {
      "id": "ag_consequences",
      "element_Z": 47,
      "symbol": "Ag",
      "title_ru": "Серебро: аналог меди в пятом периоде",
      "config_change_ru": "4d⁹5s² → 4d¹⁰5s¹",
      "consequences_ru": [
        "Серебро преимущественно проявляет степень окисления +1: потеря 5s¹-электрона даёт полностью заполненный 4d¹⁰.",
        "Ag⁺ с конфигурацией 4d¹⁰ — одна из самых устойчивых форм среди d-элементов.",
        "Как и медь, серебро — благородный металл: не растворяется в разбавленных кислотах.",
        "Заполненный d-подуровень обеспечивает высокую электро- и теплопроводность: d-электроны не участвуют в проводимости, не рассеивают s-электроны."
      ]
    },
    {
      "id": "au_consequences",
      "element_Z": 79,
      "symbol": "Au",
      "title_ru": "Золото: релятивистский эффект + провал электрона",
      "config_change_ru": "5d⁹6s² → 5d¹⁰6s¹",
      "consequences_ru": [
        "Золото проявляет степени окисления +1 и +3. Au⁺ имеет заполненный 5d¹⁰, Au³⁺ — конфигурацию 5d⁸.",
        "Релятивистское сжатие 6s-орбитали уменьшает разрыв между 5d и 6s уровнями. Это причина жёлтого цвета золота: энергия перехода 5d→6s попадает в видимый диапазон.",
        "Золото — самый благородный из металлов: растворяется только в царской водке (HNO₃ + 3HCl) или растворах цианидов.",
        "Заполненный 5d¹⁰ + релятивистские эффекты делают золото исключительно химически инертным и устойчивым к коррозии."
      ]
    }
  ],
  "general_principle_ru": {
    "title_ru": "Общий принцип: почему свойства меняются периодически",
    "text_ru": "Все тренды в периодической таблице объясняются двумя конкурирующими факторами: зарядом ядра (Z) и экранированием (σ). Эффективный заряд ядра Z_eff = Z − σ определяет, насколько сильно ядро удерживает внешние электроны. В периоде Z растёт, а σ почти не меняется → Z_eff растёт → электроны притягиваются сильнее. В группе Z растёт, но σ растёт ещё быстрее (каждый новый уровень — сильный экран) → Z_eff для внешних электронов снижается → электроны удерживаются слабее.",
    "formula_ru": "Z_eff = Z − σ, где Z — заряд ядра, σ — константа экранирования"
  }
}
