[
  { "cation": "Na\u207a", "anion": "Cl\u207b", "solubility": "soluble" },
  { "cation": "Na\u207a", "anion": "SO\u2084\u00b2\u207b", "solubility": "soluble" },
  { "cation": "Na\u207a", "anion": "NO\u2083\u207b", "solubility": "soluble" },
  { "cation": "Na\u207a", "anion": "CO\u2083\u00b2\u207b", "solubility": "soluble" },
  { "cation": "Na\u207a", "anion": "PO\u2084\u00b3\u207b", "solubility": "soluble" },
  { "cation": "Na\u207a", "anion": "S\u00b2\u207b", "solubility": "soluble" },
  { "cation": "Na\u207a", "anion": "OH\u207b", "solubility": "soluble" },
  { "cation": "Na\u207a", "anion": "SiO\u2083\u00b2\u207b", "solubility": "soluble" },
  { "cation": "K\u207a", "anion": "Cl\u207b", "solubility": "soluble" },
  { "cation": "K\u207a", "anion": "SO\u2084\u00b2\u207b", "solubility": "soluble" },
  { "cation": "K\u207a", "anion": "NO\u2083\u207b", "solubility": "soluble" },
  { "cation": "K\u207a", "anion": "CO\u2083\u00b2\u207b", "solubility": "soluble" },
  { "cation": "K\u207a", "anion": "PO\u2084\u00b3\u207b", "solubility": "soluble" },
  { "cation": "K\u207a", "anion": "S\u00b2\u207b", "solubility": "soluble" },
  { "cation": "K\u207a", "anion": "OH\u207b", "solubility": "soluble" },
  { "cation": "K\u207a", "anion": "SiO\u2083\u00b2\u207b", "solubility": "soluble" },
  { "cation": "NH\u2084\u207a", "anion": "Cl\u207b", "solubility": "soluble" },
  { "cation": "NH\u2084\u207a", "anion": "SO\u2084\u00b2\u207b", "solubility": "soluble" },
  { "cation": "NH\u2084\u207a", "anion": "NO\u2083\u207b", "solubility": "soluble" },
  { "cation": "NH\u2084\u207a", "anion": "CO\u2083\u00b2\u207b", "solubility": "soluble" },
  { "cation": "NH\u2084\u207a", "anion": "PO\u2084\u00b3\u207b", "solubility": "soluble" },
  { "cation": "NH\u2084\u207a", "anion": "S\u00b2\u207b", "solubility": "soluble" },
  { "cation": "Ba\u00b2\u207a", "anion": "Cl\u207b", "solubility": "soluble" },
  { "cation": "Ba\u00b2\u207a", "anion": "SO\u2084\u00b2\u207b", "solubility": "insoluble" },
  { "cation": "Ba\u00b2\u207a", "anion": "NO\u2083\u207b", "solubility": "soluble" },
  { "cation": "Ba\u00b2\u207a", "anion": "CO\u2083\u00b2\u207b", "solubility": "insoluble" },
  { "cation": "Ba\u00b2\u207a", "anion": "PO\u2084\u00b3\u207b", "solubility": "insoluble" },
  { "cation": "Ba\u00b2\u207a", "anion": "S\u00b2\u207b", "solubility": "soluble" },
  { "cation": "Ba\u00b2\u207a", "anion": "OH\u207b", "solubility": "soluble" },
  { "cation": "Ba\u00b2\u207a", "anion": "SiO\u2083\u00b2\u207b", "solubility": "insoluble" },
  { "cation": "Ca\u00b2\u207a", "anion": "Cl\u207b", "solubility": "soluble" },
  { "cation": "Ca\u00b2\u207a", "anion": "SO\u2084\u00b2\u207b", "solubility": "slightly_soluble" },
  { "cation": "Ca\u00b2\u207a", "anion": "NO\u2083\u207b", "solubility": "soluble" },
  { "cation": "Ca\u00b2\u207a", "anion": "CO\u2083\u00b2\u207b", "solubility": "insoluble" },
  { "cation": "Ca\u00b2\u207a", "anion": "PO\u2084\u00b3\u207b", "solubility": "insoluble" },
  { "cation": "Ca\u00b2\u207a", "anion": "S\u00b2\u207b", "solubility": "slightly_soluble" },
  { "cation": "Ca\u00b2\u207a", "anion": "OH\u207b", "solubility": "slightly_soluble" },
  { "cation": "Ca\u00b2\u207a", "anion": "SiO\u2083\u00b2\u207b", "solubility": "insoluble" },
  { "cation": "Mg\u00b2\u207a", "anion": "Cl\u207b", "solubility": "soluble" },
  { "cation": "Mg\u00b2\u207a", "anion": "SO\u2084\u00b2\u207b", "solubility": "soluble" },
  { "cation": "Mg\u00b2\u207a", "anion": "NO\u2083\u207b", "solubility": "soluble" },
  { "cation": "Mg\u00b2\u207a", "anion": "CO\u2083\u00b2\u207b", "solubility": "insoluble" },
  { "cation": "Mg\u00b2\u207a", "anion": "PO\u2084\u00b3\u207b", "solubility": "insoluble" },
  { "cation": "Mg\u00b2\u207a", "anion": "S\u00b2\u207b", "solubility": "soluble" },
  { "cation": "Mg\u00b2\u207a", "anion": "OH\u207b", "solubility": "insoluble" },
  { "cation": "Mg\u00b2\u207a", "anion": "SiO\u2083\u00b2\u207b", "solubility": "insoluble" },
  { "cation": "Al\u00b3\u207a", "anion": "Cl\u207b", "solubility": "soluble" },
  { "cation": "Al\u00b3\u207a", "anion": "SO\u2084\u00b2\u207b", "solubility": "soluble" },
  { "cation": "Al\u00b3\u207a", "anion": "NO\u2083\u207b", "solubility": "soluble" },
  { "cation": "Al\u00b3\u207a", "anion": "CO\u2083\u00b2\u207b", "solubility": "decomposes" },
  { "cation": "Al\u00b3\u207a", "anion": "PO\u2084\u00b3\u207b", "solubility": "insoluble" },
  { "cation": "Al\u00b3\u207a", "anion": "S\u00b2\u207b", "solubility": "decomposes" },
  { "cation": "Al\u00b3\u207a", "anion": "OH\u207b", "solubility": "insoluble" },
  { "cation": "Al\u00b3\u207a", "anion": "SiO\u2083\u00b2\u207b", "solubility": "insoluble" },
  { "cation": "Fe\u00b2\u207a", "anion": "Cl\u207b", "solubility": "soluble" },
  { "cation": "Fe\u00b2\u207a", "anion": "SO\u2084\u00b2\u207b", "solubility": "soluble" },
  { "cation": "Fe\u00b2\u207a", "anion": "NO\u2083\u207b", "solubility": "soluble" },
  { "cation": "Fe\u00b2\u207a", "anion": "CO\u2083\u00b2\u207b", "solubility": "insoluble" },
  { "cation": "Fe\u00b2\u207a", "anion": "PO\u2084\u00b3\u207b", "solubility": "insoluble" },
  { "cation": "Fe\u00b2\u207a", "anion": "S\u00b2\u207b", "solubility": "insoluble" },
  { "cation": "Fe\u00b2\u207a", "anion": "OH\u207b", "solubility": "insoluble" },
  { "cation": "Fe\u00b3\u207a", "anion": "Cl\u207b", "solubility": "soluble" },
  { "cation": "Fe\u00b3\u207a", "anion": "SO\u2084\u00b2\u207b", "solubility": "soluble" },
  { "cation": "Fe\u00b3\u207a", "anion": "NO\u2083\u207b", "solubility": "soluble" },
  { "cation": "Fe\u00b3\u207a", "anion": "CO\u2083\u00b2\u207b", "solubility": "decomposes" },
  { "cation": "Fe\u00b3\u207a", "anion": "PO\u2084\u00b3\u207b", "solubility": "insoluble" },
  { "cation": "Fe\u00b3\u207a", "anion": "S\u00b2\u207b", "solubility": "decomposes" },
  { "cation": "Fe\u00b3\u207a", "anion": "OH\u207b", "solubility": "insoluble" },
  { "cation": "Cu\u00b2\u207a", "anion": "Cl\u207b", "solubility": "soluble" },
  { "cation": "Cu\u00b2\u207a", "anion": "SO\u2084\u00b2\u207b", "solubility": "soluble" },
  { "cation": "Cu\u00b2\u207a", "anion": "NO\u2083\u207b", "solubility": "soluble" },
  { "cation": "Cu\u00b2\u207a", "anion": "CO\u2083\u00b2\u207b", "solubility": "insoluble" },
  { "cation": "Cu\u00b2\u207a", "anion": "PO\u2084\u00b3\u207b", "solubility": "insoluble" },
  { "cation": "Cu\u00b2\u207a", "anion": "S\u00b2\u207b", "solubility": "insoluble" },
  { "cation": "Cu\u00b2\u207a", "anion": "OH\u207b", "solubility": "insoluble" },
  { "cation": "Zn\u00b2\u207a", "anion": "Cl\u207b", "solubility": "soluble" },
  { "cation": "Zn\u00b2\u207a", "anion": "SO\u2084\u00b2\u207b", "solubility": "soluble" },
  { "cation": "Zn\u00b2\u207a", "anion": "NO\u2083\u207b", "solubility": "soluble" },
  { "cation": "Zn\u00b2\u207a", "anion": "CO\u2083\u00b2\u207b", "solubility": "insoluble" },
  { "cation": "Zn\u00b2\u207a", "anion": "PO\u2084\u00b3\u207b", "solubility": "insoluble" },
  { "cation": "Zn\u00b2\u207a", "anion": "S\u00b2\u207b", "solubility": "insoluble" },
  { "cation": "Zn\u00b2\u207a", "anion": "OH\u207b", "solubility": "insoluble" },
  { "cation": "Ag\u207a", "anion": "Cl\u207b", "solubility": "insoluble" },
  { "cation": "Ag\u207a", "anion": "SO\u2084\u00b2\u207b", "solubility": "slightly_soluble" },
  { "cation": "Ag\u207a", "anion": "NO\u2083\u207b", "solubility": "soluble" },
  { "cation": "Ag\u207a", "anion": "CO\u2083\u00b2\u207b", "solubility": "insoluble" },
  { "cation": "Ag\u207a", "anion": "PO\u2084\u00b3\u207b", "solubility": "insoluble" },
  { "cation": "Ag\u207a", "anion": "S\u00b2\u207b", "solubility": "insoluble" },
  { "cation": "Ag\u207a", "anion": "Br\u207b", "solubility": "insoluble" },
  { "cation": "Ag\u207a", "anion": "I\u207b", "solubility": "insoluble" },
  { "cation": "Ag\u207a", "anion": "F\u207b", "solubility": "soluble" },
  { "cation": "Pb\u00b2\u207a", "anion": "Cl\u207b", "solubility": "slightly_soluble" },
  { "cation": "Pb\u00b2\u207a", "anion": "SO\u2084\u00b2\u207b", "solubility": "insoluble" },
  { "cation": "Pb\u00b2\u207a", "anion": "NO\u2083\u207b", "solubility": "soluble" },
  { "cation": "Pb\u00b2\u207a", "anion": "CO\u2083\u00b2\u207b", "solubility": "insoluble" },
  { "cation": "Pb\u00b2\u207a", "anion": "PO\u2084\u00b3\u207b", "solubility": "insoluble" },
  { "cation": "Pb\u00b2\u207a", "anion": "S\u00b2\u207b", "solubility": "insoluble" },
  { "cation": "Pb\u00b2\u207a", "anion": "OH\u207b", "solubility": "insoluble" },
  { "cation": "Pb\u00b2\u207a", "anion": "I\u207b", "solubility": "insoluble" },
  { "cation": "Pb\u00b2\u207a", "anion": "Br\u207b", "solubility": "slightly_soluble" },
  { "cation": "H\u207a", "anion": "Cl\u207b", "solubility": "soluble" },
  { "cation": "H\u207a", "anion": "SO\u2084\u00b2\u207b", "solubility": "soluble" },
  { "cation": "H\u207a", "anion": "NO\u2083\u207b", "solubility": "soluble" },
  { "cation": "H\u207a", "anion": "CO\u2083\u00b2\u207b", "solubility": "soluble" },
  { "cation": "H\u207a", "anion": "PO\u2084\u00b3\u207b", "solubility": "soluble" },
  { "cation": "H\u207a", "anion": "S\u00b2\u207b", "solubility": "soluble" },
  { "cation": "H\u207a", "anion": "F\u207b", "solubility": "soluble" },
  { "cation": "H\u207a", "anion": "SiO\u2083\u00b2\u207b", "solubility": "insoluble" }
]
