{
  "id": "rule:base_insoluble.decompose.driver_heat.v1",
  "type": "process_rule",
  "process": "proc:decomposition",
  "driver": "driver:heat",
  "requires_conditions": [
    "cond:heat"
  ],
  "applies_to": {
    "class": "class:base_insoluble"
  },
  "products": [
    {
      "kind": "derived",
      "derivation": "metal_oxide_of_base_cation"
    },
    {
      "kind": "substance",
      "id": "sub:H2O"
    }
  ],
  "statement_i18n_key": "rule.base_insoluble.decompose.heat.statement",
  "examples": [
    {
      "equation": "Cu(OH)2 -> CuO + H2O"
    },
    {
      "equation": "2Fe(OH)3 -> Fe2O3 + 3H2O"
    }
  ],
  "notes": [
    "Rule is phrased for school level; exceptions/branches (amphoteric behavior, unstable hydroxides) can be added later."
  ]
}