{
  "id": "rule:kclo3.decompose.driver_heat.v1",
  "type": "process_rule",
  "process": "proc:decomposition",
  "driver": "driver:heat",
  "requires_conditions": [
    "cond:heat"
  ],
  "applies_to": {
    "substance_ids": [
      "sub:KClO3"
    ]
  },
  "products": [
    {
      "kind": "substance",
      "id": "sub:KCl"
    },
    {
      "kind": "substance",
      "id": "sub:O2",
      "role_hint": "gas_evolved"
    }
  ],
  "stoichiometry_example": "2KClO3 -> 2KCl + 3O2",
  "statement_i18n_key": "rule.kclo3.decompose.heat.statement"
}