{
  "id": "rule:water.decompose.driver_electric_current.v1",
  "type": "process_rule",
  "process": "proc:decomposition",
  "driver": "driver:electric_current",
  "requires_conditions": [
    "cond:electric_current"
  ],
  "applies_to": {
    "substance_ids": [
      "sub:H2O"
    ]
  },
  "products": [
    {
      "kind": "substance",
      "id": "sub:H2",
      "role_hint": "gas_evolved"
    },
    {
      "kind": "substance",
      "id": "sub:O2",
      "role_hint": "gas_evolved"
    }
  ],
  "stoichiometry_example": "2H2O -> 2H2 + O2",
  "statement_i18n_key": "rule.water.decompose.electric_current.statement",
  "notes": [
    "Electrolysis typically needs electrolyte; represent via reaction layer roles (electrolyte) later."
  ]
}