[
  {
    "id": "term:ice",
    "kind": "common_name"
  },
  {
    "id": "term:dry_ice",
    "kind": "common_name"
  },
  {
    "id": "term:aqua_regia",
    "kind": "common_name"
  },
  {
    "id": "term:conc_sulfuric_acid",
    "kind": "solution_name"
  },
  {
    "id": "term:diamond",
    "kind": "common_name"
  },
  {
    "id": "term:graphite",
    "kind": "common_name"
  },
  {
    "id": "term:coal",
    "kind": "common_name"
  },
  {
    "id": "term:white_phosphorus",
    "kind": "common_name"
  },
  {
    "id": "term:red_phosphorus",
    "kind": "common_name"
  }
]