[
  {
    "id": "is_instance_of",
    "category": "taxonomy",
    "inverse": null,
    "description": "Subject is an instance of a class (type).",
    "cardinality": "many-to-one",
    "examples": [
      {
        "s": "sub:NaCl",
        "p": "is_instance_of",
        "o": "class:salt"
      }
    ]
  },
  {
    "id": "is_subclass_of",
    "category": "taxonomy",
    "inverse": null,
    "description": "Class hierarchy link: A is subclass of B.",
    "cardinality": "many-to-one",
    "examples": [
      {
        "s": "class:alkali_metal",
        "p": "is_subclass_of",
        "o": "class:metal"
      }
    ]
  },
  {
    "id": "member_of_group",
    "category": "taxonomy",
    "inverse": "has_member",
    "description": "Entity belongs to a named group (periodic table groups, UI groups, etc.).",
    "cardinality": "many-to-many",
    "examples": [
      {
        "s": "el:Cl",
        "p": "member_of_group",
        "o": "group:halogens"
      }
    ]
  },
  {
    "id": "has_member",
    "category": "taxonomy",
    "inverse": "member_of_group",
    "description": "Inverse of member_of_group (usually derived, not stored).",
    "cardinality": "many-to-many",
    "derived": true,
    "examples": [
      {
        "s": "group:halogens",
        "p": "has_member",
        "o": "el:Cl"
      }
    ]
  },
  {
    "id": "has_property",
    "category": "properties",
    "inverse": null,
    "description": "Subject has a qualitative property (e.g., amphoteric, strong_electrolyte).",
    "cardinality": "many-to-many",
    "examples": [
      {
        "s": "sub:Al2O3",
        "p": "has_property",
        "o": "prop:amphoteric"
      }
    ]
  },
  {
    "id": "has_numeric_property",
    "category": "properties",
    "inverse": null,
    "description": "Subject has a numeric property value (e.g., electronegativity=3.16). Prefer numbers over pairwise comparisons.",
    "cardinality": "many-to-many",
    "examples": [
      {
        "s": "el:F",
        "p": "has_numeric_property",
        "o": {
          "property": "prop:electronegativity_pauling",
          "value": 3.98,
          "unit": null
        }
      }
    ]
  },
  {
    "id": "has_component",
    "category": "composition",
    "inverse": "component_of",
    "description": "Subject is composed of components (ions, substances, parts). Use for salts/mixtures/context composition.",
    "cardinality": "one-to-many",
    "examples": [
      {
        "s": "sub:NaCl",
        "p": "has_component",
        "o": "ion:Na_plus"
      },
      {
        "s": "sub:NaCl",
        "p": "has_component",
        "o": "ion:Cl_minus"
      }
    ]
  },
  {
    "id": "component_of",
    "category": "composition",
    "inverse": "has_component",
    "description": "Inverse of has_component (usually derived).",
    "cardinality": "many-to-one",
    "derived": true,
    "examples": [
      {
        "s": "ion:Cl_minus",
        "p": "component_of",
        "o": "sub:NaCl"
      }
    ]
  },
  {
    "id": "composed_of_element",
    "category": "composition",
    "inverse": null,
    "description": "Subject contains chemical elements in its formula (element-level composition). Often derived from formula parser.",
    "cardinality": "many-to-many",
    "derived": true,
    "examples": [
      {
        "s": "sub:H2SO4",
        "p": "composed_of_element",
        "o": "el:S"
      }
    ]
  },
  {
    "id": "has_allotrope",
    "category": "structure",
    "inverse": "allotrope_of",
    "description": "Element or base substance has an allotrope/variant.",
    "cardinality": "one-to-many",
    "examples": [
      {
        "s": "el:C",
        "p": "has_allotrope",
        "o": "subvar:C_diamond"
      }
    ]
  },
  {
    "id": "allotrope_of",
    "category": "structure",
    "inverse": "has_allotrope",
    "description": "Variant is an allotrope of an element/base substance.",
    "cardinality": "many-to-one",
    "examples": [
      {
        "s": "subvar:C_diamond",
        "p": "allotrope_of",
        "o": "el:C"
      }
    ]
  },
  {
    "id": "participates_in_process",
    "category": "process",
    "inverse": null,
    "description": "Entity participates in a process (passivation, oxidation, dissolution).",
    "cardinality": "many-to-many",
    "examples": [
      {
        "s": "sub:Al",
        "p": "participates_in_process",
        "o": "proc:passivation"
      }
    ]
  },
  {
    "id": "has_surface_layer",
    "category": "process",
    "inverse": null,
    "description": "Subject forms/has a surface layer (often contextual/conditional). Use with conditions.",
    "cardinality": "many-to-many",
    "examples": [
      {
        "s": "sub:Al",
        "p": "has_surface_layer",
        "o": "sub:Al2O3",
        "conditions": {
          "environment": "air",
          "temperature": "ambient"
        }
      }
    ]
  },
  {
    "id": "reacts_with",
    "category": "reaction",
    "inverse": null,
    "description": "Subject reacts with object under some conditions. Prefer reaction templates/solver; store as rule only when needed.",
    "cardinality": "many-to-many",
    "examples": [
      {
        "s": "sub:Na",
        "p": "reacts_with",
        "o": "ctx:phase_H2O_l",
        "conditions": {
          "temperature": "ambient"
        }
      }
    ]
  },
  {
    "id": "produces",
    "category": "reaction",
    "inverse": "produced_by",
    "description": "Reaction/process produces some entity (product).",
    "cardinality": "one-to-many",
    "examples": [
      {
        "s": "rx:carbonate_acid",
        "p": "produces",
        "o": "sub:CO2"
      }
    ]
  },
  {
    "id": "produced_by",
    "category": "reaction",
    "inverse": "produces",
    "description": "Inverse of produces (usually derived).",
    "cardinality": "many-to-one",
    "derived": true,
    "examples": [
      {
        "s": "sub:CO2",
        "p": "produced_by",
        "o": "rx:carbonate_acid"
      }
    ]
  },
  {
    "id": "requires_condition",
    "category": "reaction",
    "inverse": null,
    "description": "Reaction/process requires a condition (heat, catalyst, UV, medium).",
    "cardinality": "many-to-many",
    "examples": [
      {
        "s": "rx:decomposition",
        "p": "requires_condition",
        "o": "cond:heat"
      }
    ]
  },
  {
    "id": "blocks_reaction_family",
    "category": "reaction",
    "inverse": null,
    "description": "Some factor blocks a reaction family (e.g., oxide layer blocks metal+water).",
    "cardinality": "many-to-many",
    "examples": [
      {
        "s": "proc:passivation",
        "p": "blocks_reaction_family",
        "o": "rx_family:metal+water"
      }
    ]
  },
  {
    "id": "inhibits",
    "category": "reaction",
    "inverse": "inhibited_by",
    "description": "Subject inhibits a reaction/process.",
    "cardinality": "many-to-many",
    "examples": [
      {
        "s": "proc:passivation",
        "p": "inhibits",
        "o": "rx_family:metal+acid"
      }
    ]
  },
  {
    "id": "inhibited_by",
    "category": "reaction",
    "inverse": "inhibits",
    "description": "Inverse of inhibits (usually derived).",
    "cardinality": "many-to-many",
    "derived": true,
    "examples": [
      {
        "s": "rx_family:metal+acid",
        "p": "inhibited_by",
        "o": "proc:passivation"
      }
    ]
  },
  {
    "id": "phase_of",
    "category": "context",
    "inverse": null,
    "description": "Context object is a phase form of a substance (implemented via contexts layer).",
    "cardinality": "many-to-one",
    "examples": [
      {
        "s": "ctx:phase_CO2_s",
        "p": "phase_of",
        "o": "sub:CO2"
      }
    ]
  },
  {
    "id": "solution_of",
    "category": "context",
    "inverse": null,
    "description": "Context/template is a solution of solute in solvent (implemented via contexts layer).",
    "cardinality": "many-to-one",
    "examples": [
      {
        "s": "ctxtmpl:H2SO4_conc",
        "p": "solution_of",
        "o": "sub:H2SO4"
      }
    ]
  },
  {
    "id": "mixture_of",
    "category": "context",
    "inverse": null,
    "description": "Mixture context consists of multiple components (implemented via contexts layer).",
    "cardinality": "one-to-many",
    "examples": [
      {
        "s": "ctx:mix_aqua_regia",
        "p": "mixture_of",
        "o": "sub:HCl"
      }
    ]
  },
  {
    "id": "melt_of",
    "category": "context",
    "inverse": null,
    "description": "Melt context corresponds to a substance in molten state (implemented via contexts layer).",
    "cardinality": "many-to-one",
    "examples": [
      {
        "s": "ctx:melt_NaCl",
        "p": "melt_of",
        "o": "sub:NaCl"
      }
    ]
  }
]