[
  {
    "id": "rel:Al.passivation.layer",
    "subject": "sub:Al",
    "predicate": "has_surface_layer",
    "object": "sub:Al2O3",
    "conditions": {
      "environment": "air",
      "temperature": "ambient"
    },
    "evidence": [
      "proc:passivation",
      "rule:passivation.metals.in_air.v1"
    ]
  },
  {
    "id": "rel:C.has_allotrope.diamond",
    "subject": "el:C",
    "predicate": "has_allotrope",
    "object": "subvar:C_diamond",
    "evidence": [
      "school_common"
    ]
  },
  {
    "id": "rel:aqua_regia.components",
    "subject": "ctx:mix_aqua_regia",
    "predicate": "has_component",
    "object": {
      "ref": "sub:HCl",
      "phase": "aq",
      "ratio": 3
    },
    "evidence": [
      "school_common"
    ]
  }
]