{
  "schema_version": "1.0",
  "locale": "ru",
  "description": "Query normalization synonyms for Russian locale. Used at build-time to expand search index entries.",
  "entries": [
    { "key": "перекись",          "expand": ["пероксид", "перекись водорода", "пероксид водорода", "h2o2"] },
    { "key": "нашатырь",          "expand": ["аммиак", "хлорид аммония", "nh4cl", "nh3"] },
    { "key": "нашатырный спирт",  "expand": ["аммиак", "раствор аммиака", "nh3"] },
    { "key": "поваренная соль",   "expand": ["хлорид натрия", "nacl"] },
    { "key": "питьевая сода",     "expand": ["гидрокарбонат натрия", "nahco3", "пищевая сода"] },
    { "key": "кальцинированная сода", "expand": ["карбонат натрия", "na2co3"] },
    { "key": "каустическая сода", "expand": ["гидроксид натрия", "naoh", "едкий натр"] },
    { "key": "негашёная известь", "expand": ["оксид кальция", "cao"] },
    { "key": "гашёная известь",   "expand": ["гидроксид кальция", "ca(oh)2"] },
    { "key": "купорос",           "expand": ["сульфат меди", "cuso4", "медный купорос"] },
    { "key": "ляпис",             "expand": ["нитрат серебра", "agno3"] },
    { "key": "марганцовка",       "expand": ["перманганат калия", "kmno4"] },
    { "key": "угарный газ",       "expand": ["монооксид углерода", "co", "оксид углерода"] },
    { "key": "углекислый газ",    "expand": ["диоксид углерода", "co2", "оксид углерода"] },
    { "key": "глюкоза",           "expand": ["c6h12o6"] },
    { "key": "этанол",            "expand": ["этиловый спирт", "c2h5oh", "спирт"] },
    { "key": "метанол",           "expand": ["метиловый спирт", "ch3oh", "древесный спирт"] },
    { "key": "уксусная кислота",  "expand": ["ch3cooh", "этановая кислота"] },
    { "key": "ацетон",            "expand": ["пропанон", "ch3coch3", "диметилкетон"] },
    { "key": "формальдегид",      "expand": ["метаналь", "ch2o", "муравьиный альдегид"] },
    { "key": "ацетальдегид",      "expand": ["этаналь", "ch3cho", "уксусный альдегид"] },
    { "key": "серная кислота",    "expand": ["h2so4"] },
    { "key": "соляная кислота",   "expand": ["хлороводородная кислота", "hcl"] },
    { "key": "азотная кислота",   "expand": ["hno3"] },
    { "key": "фосфорная кислота", "expand": ["h3po4", "ортофосфорная кислота"] }
  ]
}
