{
  "elements": {
    "H": {
      "nom": "водород",
      "gen": "водорода",
      "gender": "m"
    },
    "O": {
      "nom": "кислород",
      "gen": "кислорода",
      "gender": "m"
    },
    "Na": {
      "nom": "натрий",
      "gen": "натрия",
      "gender": "m"
    },
    "S": {
      "nom": "сера",
      "gen": "серы",
      "gender": "f"
    },
    "Cl": {
      "nom": "хлор",
      "gen": "хлора",
      "gender": "m"
    },
    "K": {
      "nom": "калий",
      "gen": "калия",
      "gender": "m"
    },
    "Mn": {
      "nom": "марганец",
      "gen": "марганца",
      "gender": "m"
    }
  }
}