{
  "prompt.compare_property": {
    "question": "Какой из элементов имеет большее значение {property_gen}: {elementA} или {elementB}?",
    "slots": {
      "property_gen": "lookup:properties.{property}.i18n.ru.gen"
    }
  },
  "prompt.order_by_property": {
    "question": "Расположите элементы {elements} в порядке {order} {property_gen}.",
    "slots": {
      "order": {
        "ascending": "возрастания",
        "descending": "убывания"
      },
      "property_gen": "lookup:properties.{property}.i18n.ru.gen"
    }
  },
  "prompt.determine_oxidation_state": {
    "question": "Определите степень окисления {element_gen} в {formula}.",
    "slots": {
      "element_gen": "morph:elements.{element}.gen"
    }
  },
  "prompt.compose_salt": {
    "question": "Какая формула соли получится из ионов {cation} и {anion}?",
    "slots": {}
  },
  "prompt.solubility_of_salt": {
    "question": "Растворима ли в воде соль {salt_formula}?",
    "slots": {}
  }
}