{
  "id": "agno3",
  "atoms": [
    {
      "id": "Ag1",
      "symbol": "Ag",
      "x": -2,
      "y": 0,
      "ox": 1,
      "lonePairs": 0,
      "label": "Ag⁺"
    },
    {
      "id": "N1",
      "symbol": "N",
      "x": 0.3,
      "y": 0,
      "ox": 5,
      "lonePairs": 0
    },
    {
      "id": "O1",
      "symbol": "O",
      "x": 0.3,
      "y": -1.3,
      "ox": -2,
      "lonePairs": 2
    },
    {
      "id": "O2",
      "symbol": "O",
      "x": -0.83,
      "y": 0.65,
      "ox": -2,
      "lonePairs": 3
    },
    {
      "id": "O3",
      "symbol": "O",
      "x": 1.43,
      "y": 0.65,
      "ox": -2,
      "lonePairs": 3
    }
  ],
  "bonds": [
    {
      "from": "N1",
      "to": "O1",
      "order": 2
    },
    {
      "from": "N1",
      "to": "O2",
      "order": 1
    },
    {
      "from": "N1",
      "to": "O3",
      "order": 1
    }
  ]
}
