{
  "id": "al2o3",
  "atoms": [
    {
      "id": "Al1",
      "symbol": "Al",
      "x": -1.3,
      "y": -0.5,
      "ox": 3,
      "lonePairs": 0,
      "label": "Al³⁺"
    },
    {
      "id": "Al2",
      "symbol": "Al",
      "x": 1.3,
      "y": -0.5,
      "ox": 3,
      "lonePairs": 0,
      "label": "Al³⁺"
    },
    {
      "id": "O1",
      "symbol": "O",
      "x": -1.3,
      "y": 0.7,
      "ox": -2,
      "lonePairs": 4,
      "label": "O²⁻"
    },
    {
      "id": "O2",
      "symbol": "O",
      "x": 0,
      "y": 0.7,
      "ox": -2,
      "lonePairs": 4,
      "label": "O²⁻"
    },
    {
      "id": "O3",
      "symbol": "O",
      "x": 1.3,
      "y": 0.7,
      "ox": -2,
      "lonePairs": 4,
      "label": "O²⁻"
    }
  ],
  "bonds": []
}
