{
  "id": "baso4",
  "atoms": [
    {
      "id": "Ba1",
      "symbol": "Ba",
      "x": -2.2,
      "y": 0,
      "ox": 2,
      "lonePairs": 0,
      "label": "Ba²⁺"
    },
    {
      "id": "S1",
      "symbol": "S",
      "x": 0.5,
      "y": 0,
      "ox": 6,
      "lonePairs": 0
    },
    {
      "id": "O1",
      "symbol": "O",
      "x": 0.5,
      "y": -1.3,
      "ox": -2,
      "lonePairs": 2
    },
    {
      "id": "O2",
      "symbol": "O",
      "x": 0.5,
      "y": 1.3,
      "ox": -2,
      "lonePairs": 2
    },
    {
      "id": "O3",
      "symbol": "O",
      "x": -0.8,
      "y": 0,
      "ox": -2,
      "lonePairs": 3
    },
    {
      "id": "O4",
      "symbol": "O",
      "x": 1.8,
      "y": 0,
      "ox": -2,
      "lonePairs": 3
    }
  ],
  "bonds": [
    {
      "from": "S1",
      "to": "O1",
      "order": 2
    },
    {
      "from": "S1",
      "to": "O2",
      "order": 2
    },
    {
      "from": "S1",
      "to": "O3",
      "order": 1
    },
    {
      "from": "S1",
      "to": "O4",
      "order": 1
    }
  ]
}
