{
  "id": "caco3",
  "atoms": [
    {
      "id": "Ca1",
      "symbol": "Ca",
      "x": -2,
      "y": 0,
      "ox": 2,
      "lonePairs": 0,
      "label": "Ca²⁺"
    },
    {
      "id": "C1",
      "symbol": "C",
      "x": 0.3,
      "y": 0,
      "ox": 4,
      "lonePairs": 0
    },
    {
      "id": "O1",
      "symbol": "O",
      "x": 0.3,
      "y": -1.3,
      "ox": -2,
      "lonePairs": 2
    },
    {
      "id": "O2",
      "symbol": "O",
      "x": -0.83,
      "y": 0.65,
      "ox": -2,
      "lonePairs": 3
    },
    {
      "id": "O3",
      "symbol": "O",
      "x": 1.43,
      "y": 0.65,
      "ox": -2,
      "lonePairs": 3
    }
  ],
  "bonds": [
    {
      "from": "C1",
      "to": "O1",
      "order": 2
    },
    {
      "from": "C1",
      "to": "O2",
      "order": 1
    },
    {
      "from": "C1",
      "to": "O3",
      "order": 1
    }
  ]
}
