{
  "id": "ch4",
  "atoms": [
    {
      "id": "C1",
      "symbol": "C",
      "x": 0,
      "y": 0,
      "ox": -4,
      "lonePairs": 0
    },
    {
      "id": "H1",
      "symbol": "H",
      "x": 0,
      "y": -1.1,
      "ox": 1,
      "lonePairs": 0
    },
    {
      "id": "H2",
      "symbol": "H",
      "x": 1.1,
      "y": 0,
      "ox": 1,
      "lonePairs": 0
    },
    {
      "id": "H3",
      "symbol": "H",
      "x": 0,
      "y": 1.1,
      "ox": 1,
      "lonePairs": 0
    },
    {
      "id": "H4",
      "symbol": "H",
      "x": -1.1,
      "y": 0,
      "ox": 1,
      "lonePairs": 0
    }
  ],
  "bonds": [
    {
      "from": "C1",
      "to": "H1",
      "order": 1
    },
    {
      "from": "C1",
      "to": "H2",
      "order": 1
    },
    {
      "from": "C1",
      "to": "H3",
      "order": 1
    },
    {
      "from": "C1",
      "to": "H4",
      "order": 1
    }
  ]
}
