{
  "id": "co2",
  "atoms": [
    {
      "id": "C1",
      "symbol": "C",
      "x": 0,
      "y": 0,
      "ox": 4,
      "lonePairs": 0
    },
    {
      "id": "O1",
      "symbol": "O",
      "x": -1.3,
      "y": 0,
      "ox": -2,
      "lonePairs": 2
    },
    {
      "id": "O2",
      "symbol": "O",
      "x": 1.3,
      "y": 0,
      "ox": -2,
      "lonePairs": 2
    }
  ],
  "bonds": [
    {
      "from": "C1",
      "to": "O1",
      "order": 2
    },
    {
      "from": "C1",
      "to": "O2",
      "order": 2
    }
  ],
  "polarity": [
    {
      "from": "C1",
      "to": "O1",
      "deltaPlus": "C1",
      "deltaMinus": "O1"
    },
    {
      "from": "C1",
      "to": "O2",
      "deltaPlus": "C1",
      "deltaMinus": "O2"
    }
  ]
}
