{
  "id": "fe2o3",
  "atoms": [
    {
      "id": "Fe1",
      "symbol": "Fe",
      "x": -1.3,
      "y": -0.5,
      "ox": 3,
      "lonePairs": 0,
      "label": "Fe³⁺"
    },
    {
      "id": "Fe2",
      "symbol": "Fe",
      "x": 1.3,
      "y": -0.5,
      "ox": 3,
      "lonePairs": 0,
      "label": "Fe³⁺"
    },
    {
      "id": "O1",
      "symbol": "O",
      "x": -1.3,
      "y": 0.7,
      "ox": -2,
      "lonePairs": 4,
      "label": "O²⁻"
    },
    {
      "id": "O2",
      "symbol": "O",
      "x": 0,
      "y": 0.7,
      "ox": -2,
      "lonePairs": 4,
      "label": "O²⁻"
    },
    {
      "id": "O3",
      "symbol": "O",
      "x": 1.3,
      "y": 0.7,
      "ox": -2,
      "lonePairs": 4,
      "label": "O²⁻"
    }
  ],
  "bonds": []
}
