{
  "id": "hno3",
  "atoms": [
    {
      "id": "N1",
      "symbol": "N",
      "x": 0,
      "y": 0,
      "ox": 5,
      "lonePairs": 0
    },
    {
      "id": "O1",
      "symbol": "O",
      "x": 0,
      "y": -1.3,
      "ox": -2,
      "lonePairs": 2
    },
    {
      "id": "O2",
      "symbol": "O",
      "x": -1.13,
      "y": 0.65,
      "ox": -2,
      "lonePairs": 3
    },
    {
      "id": "O3",
      "symbol": "O",
      "x": 1.13,
      "y": 0.65,
      "ox": -2,
      "lonePairs": 2
    },
    {
      "id": "H1",
      "symbol": "H",
      "x": 2,
      "y": 1.2,
      "ox": 1,
      "lonePairs": 0
    }
  ],
  "bonds": [
    {
      "from": "N1",
      "to": "O1",
      "order": 2
    },
    {
      "from": "N1",
      "to": "O2",
      "order": 1
    },
    {
      "from": "N1",
      "to": "O3",
      "order": 1
    },
    {
      "from": "O3",
      "to": "H1",
      "order": 1
    }
  ],
  "polarity": [
    {
      "from": "O3",
      "to": "H1",
      "deltaPlus": "H1",
      "deltaMinus": "O3"
    }
  ]
}
