{
  "id": "na2so4",
  "atoms": [
    {
      "id": "Na1",
      "symbol": "Na",
      "x": -2.7,
      "y": -0.4,
      "ox": 1,
      "lonePairs": 0,
      "label": "Na⁺"
    },
    {
      "id": "Na2",
      "symbol": "Na",
      "x": -2.7,
      "y": 0.6,
      "ox": 1,
      "lonePairs": 0,
      "label": "Na⁺"
    },
    {
      "id": "S1",
      "symbol": "S",
      "x": 0.3,
      "y": 0,
      "ox": 6,
      "lonePairs": 0
    },
    {
      "id": "O1",
      "symbol": "O",
      "x": 0.3,
      "y": -1.3,
      "ox": -2,
      "lonePairs": 2
    },
    {
      "id": "O2",
      "symbol": "O",
      "x": 0.3,
      "y": 1.3,
      "ox": -2,
      "lonePairs": 2
    },
    {
      "id": "O3",
      "symbol": "O",
      "x": -1,
      "y": 0,
      "ox": -2,
      "lonePairs": 3
    },
    {
      "id": "O4",
      "symbol": "O",
      "x": 1.6,
      "y": 0,
      "ox": -2,
      "lonePairs": 3
    }
  ],
  "bonds": [
    {
      "from": "S1",
      "to": "O1",
      "order": 2
    },
    {
      "from": "S1",
      "to": "O2",
      "order": 2
    },
    {
      "from": "S1",
      "to": "O3",
      "order": 1
    },
    {
      "from": "S1",
      "to": "O4",
      "order": 1
    }
  ]
}
