{
  "id": "naoh",
  "atoms": [
    {
      "id": "Na1",
      "symbol": "Na",
      "x": -1.3,
      "y": 0,
      "ox": 1,
      "lonePairs": 0,
      "label": "Na⁺"
    },
    {
      "id": "O1",
      "symbol": "O",
      "x": 0.2,
      "y": 0,
      "ox": -2,
      "lonePairs": 2
    },
    {
      "id": "H1",
      "symbol": "H",
      "x": 1.3,
      "y": 0,
      "ox": 1,
      "lonePairs": 0
    }
  ],
  "bonds": [
    {
      "from": "O1",
      "to": "H1",
      "order": 1
    }
  ],
  "polarity": [
    {
      "from": "O1",
      "to": "H1",
      "deltaPlus": "H1",
      "deltaMinus": "O1"
    }
  ]
}
