{
  "id": "sio2",
  "atoms": [
    {
      "id": "Si1",
      "symbol": "Si",
      "x": 0,
      "y": 0,
      "ox": 4,
      "lonePairs": 0
    },
    {
      "id": "O1",
      "symbol": "O",
      "x": -1.3,
      "y": 0,
      "ox": -2,
      "lonePairs": 2
    },
    {
      "id": "O2",
      "symbol": "O",
      "x": 1.3,
      "y": 0,
      "ox": -2,
      "lonePairs": 2
    }
  ],
  "bonds": [
    {
      "from": "Si1",
      "to": "O1",
      "order": 2
    },
    {
      "from": "Si1",
      "to": "O2",
      "order": 2
    }
  ]
}
