{
  "prompt.compare_property": {
    "question": "Which element has a higher {property}: {elementA} or {elementB}?",
    "slots": {
      "property": "lookup:properties.{property}.i18n.en.name"
    }
  },
  "prompt.order_by_property": {
    "question": "Arrange the elements {elements} in {order} order of {property}.",
    "slots": {
      "order": {
        "ascending": "ascending",
        "descending": "descending"
      },
      "property": "lookup:properties.{property}.i18n.en.name"
    }
  },
  "prompt.determine_oxidation_state": {
    "question": "Determine the oxidation state of {element} in {formula}.",
    "slots": {}
  },
  "prompt.compose_salt": {
    "question": "Which salt formula is formed from ions {cation} and {anion}?",
    "slots": {}
  },
  "prompt.solubility_of_salt": {
    "question": "Is the salt {salt_formula} soluble in water?",
    "slots": {}
  }
}